('amethyst', 'accessories')
('amethyst', 'bag')
('amethyst', 'belt')
('amethyst', 'blazer')
('amethyst', 'blouse')
('amethyst', 'bodysuit')
('amethyst', 'boots')
('amethyst', 'bra')
('amethyst', 'bracelet')
('amethyst', 'cape')
('amethyst', 'cardigan')
('amethyst', 'clogs')
('amethyst', 'coat')
('amethyst', 'dress')
('amethyst', 'earrings')
('amethyst', 'flats')
('amethyst', 'glasses')
('amethyst', 'gloves')
('amethyst', 'hat')
('amethyst', 'heels')
('amethyst', 'home-decor')
('amethyst', 'hoodie')
('amethyst', 'intimate')
('amethyst', 'jacket')
('amethyst', 'jeans')
('amethyst', 'jumper')
('amethyst', 'leggings')
('amethyst', 'loafers')
('amethyst', 'necklace')
('amethyst', 'panties')
('amethyst', 'pants')
('amethyst', 'pumps')
('amethyst', 'purse')
('amethyst', 'ring')
('amethyst', 'romper')
('amethyst', 'sandals')
('amethyst', 'scarf')
('amethyst', 'shirt')
('amethyst', 'shoes')
('amethyst', 'shorts')
('amethyst', 'skirt')
('amethyst', 'sneakers')
('amethyst', 'socks')
('amethyst', 'stockings')
('amethyst', 'suit')
('amethyst', 'sunglasses')
('amethyst', 'sweater')
('amethyst', 'sweatshirt')
('amethyst', 'swimwear')
('amethyst', 't-shirt')
('amethyst', 'tie')
('amethyst', 'tights')
('amethyst', 'top')
('amethyst', 'vest')
('amethyst', 'wallet')
('amethyst', 'watch')
('amethyst', 'wedges')
('aquamarine', 'accessories')
('aquamarine', 'bag')
('aquamarine', 'belt')
('aquamarine', 'blazer')
('aquamarine', 'blouse')
('aquamarine', 'bodysuit')
('aquamarine', 'boots')
('aquamarine', 'bra')
('aquamarine', 'bracelet')
('aquamarine', 'cape')
('aquamarine', 'cardigan')
('aquamarine', 'clogs')
('aquamarine', 'coat')
('aquamarine', 'dress')
('aquamarine', 'earrings')
('aquamarine', 'flats')
('aquamarine', 'glasses')
('aquamarine', 'gloves')
('aquamarine', 'hat')
('aquamarine', 'heels')
('aquamarine', 'home-decor')
('aquamarine', 'hoodie')
('aquamarine', 'intimate')
('aquamarine', 'jacket')
('aquamarine', 'jeans')
('aquamarine', 'jumper')
('aquamarine', 'leggings')
('aquamarine', 'loafers')
('aquamarine', 'necklace')
('aquamarine', 'panties')
('aquamarine', 'pants')
('aquamarine', 'pumps')
('aquamarine', 'purse')
('aquamarine', 'ring')
('aquamarine', 'romper')
('aquamarine', 'sandals')
('aquamarine', 'scarf')
('aquamarine', 'shirt')
('aquamarine', 'shoes')
('aquamarine', 'shorts')
('aquamarine', 'skirt')
('aquamarine', 'sneakers')
('aquamarine', 'socks')
('aquamarine', 'stockings')
('aquamarine', 'suit')
('aquamarine', 'sunglasses')
('aquamarine', 'sweater')
('aquamarine', 'sweatshirt')
('aquamarine', 'swimwear')
('aquamarine', 't-shirt')
('aquamarine', 'tie')
('aquamarine', 'tights')
('aquamarine', 'top')
('aquamarine', 'vest')
('aquamarine', 'wallet')
('aquamarine', 'watch')
('aquamarine', 'wedges')
('army-green', 'accessories')
('army-green', 'bag')
('army-green', 'belt')
('army-green', 'blazer')
('army-green', 'blouse')
('army-green', 'bodysuit')
('army-green', 'boots')
('army-green', 'bra')
('army-green', 'bracelet')
('army-green', 'cape')
('army-green', 'cardigan')
('army-green', 'clogs')
('army-green', 'coat')
('army-green', 'dress')
('army-green', 'earrings')
('army-green', 'flats')
('army-green', 'glasses')
('army-green', 'gloves')
('army-green', 'hat')
('army-green', 'heels')
('army-green', 'home-decor')
('army-green', 'hoodie')
('army-green', 'intimate')
('army-green', 'jacket')
('army-green', 'jeans')
('army-green', 'jumper')
('army-green', 'leggings')
('army-green', 'loafers')
('army-green', 'necklace')
('army-green', 'panties')
('army-green', 'pants')
('army-green', 'pumps')
('army-green', 'purse')
('army-green', 'ring')
('army-green', 'romper')
('army-green', 'sandals')
('army-green', 'scarf')
('army-green', 'shirt')
('army-green', 'shoes')
('army-green', 'shorts')
('army-green', 'skirt')
('army-green', 'sneakers')
('army-green', 'socks')
('army-green', 'stockings')
('army-green', 'suit')
('army-green', 'sunglasses')
('army-green', 'sweater')
('army-green', 'sweatshirt')
('army-green', 'swimwear')
('army-green', 't-shirt')
('army-green', 'tie')
('army-green', 'tights')
('army-green', 'top')
('army-green', 'vest')
('army-green', 'wallet')
('army-green', 'watch')
('army-green', 'wedges')
('beige', 'accessories')
('beige', 'bag')
('beige', 'belt')
('beige', 'blazer')
('beige', 'blouse')
('beige', 'bodysuit')
('beige', 'boots')
('beige', 'bra')
('beige', 'bracelet')
('beige', 'cape')
('beige', 'cardigan')
('beige', 'clogs')
('beige', 'coat')
('beige', 'dress')
('beige', 'earrings')
('beige', 'flats')
('beige', 'glasses')
('beige', 'gloves')
('beige', 'hat')
('beige', 'heels')
('beige', 'home-decor')
('beige', 'hoodie')
('beige', 'intimate')
('beige', 'jacket')
('beige', 'jeans')
('beige', 'jumper')
('beige', 'leggings')
('beige', 'loafers')
('beige', 'necklace')
('beige', 'panties')
('beige', 'pants')
('beige', 'pumps')
('beige', 'purse')
('beige', 'ring')
('beige', 'romper')
('beige', 'sandals')
('beige', 'scarf')
('beige', 'shirt')
('beige', 'shoes')
('beige', 'shorts')
('beige', 'skirt')
('beige', 'sneakers')
('beige', 'socks')
('beige', 'stockings')
('beige', 'suit')
('beige', 'sunglasses')
('beige', 'sweater')
('beige', 'sweatshirt')
('beige', 'swimwear')
('beige', 't-shirt')
('beige', 'tie')
('beige', 'tights')
('beige', 'top')
('beige', 'vest')
('beige', 'wallet')
('beige', 'watch')
('beige', 'wedges')
('black', 'accessories')
('black', 'bag')
('black', 'belt')
('black', 'blazer')
('black', 'blouse')
('black', 'bodysuit')
('black', 'boots')
('black', 'bra')
('black', 'bracelet')
('black', 'cape')
('black', 'cardigan')
('black', 'clogs')
('black', 'coat')
('black', 'dress')
('black', 'earrings')
('black', 'flats')
('black', 'glasses')
('black', 'gloves')
('black', 'hat')
('black', 'heels')
('black', 'home-decor')
('black', 'hoodie')
('black', 'intimate')
('black', 'jacket')
('black', 'jeans')
('black', 'jumper')
('black', 'leggings')
('black', 'loafers')
('black', 'necklace')
('black', 'panties')
('black', 'pants')
('black', 'pumps')
('black', 'purse')
('black', 'ring')
('black', 'romper')
('black', 'sandals')
('black', 'scarf')
('black', 'shirt')
('black', 'shoes')
('black', 'shorts')
('black', 'skirt')
('black', 'sneakers')
('black', 'socks')
('black', 'stockings')
('black', 'suit')
('black', 'sunglasses')
('black', 'sweater')
('black', 'sweatshirt')
('black', 'swimwear')
('black', 't-shirt')
('black', 'tie')
('black', 'tights')
('black', 'top')
('black', 'vest')
('black', 'wallet')
('black', 'watch')
('black', 'wedges')
('blue', 'accessories')
('blue', 'bag')
('blue', 'belt')
('blue', 'blazer')
('blue', 'blouse')
('blue', 'bodysuit')
('blue', 'boots')
('blue', 'bra')
('blue', 'bracelet')
('blue', 'cape')
('blue', 'cardigan')
('blue', 'clogs')
('blue', 'coat')
('blue', 'dress')
('blue', 'earrings')
('blue', 'flats')
('blue', 'glasses')
('blue', 'gloves')
('blue', 'hat')
('blue', 'heels')
('blue', 'home-decor')
('blue', 'hoodie')
('blue', 'intimate')
('blue', 'jacket')
('blue', 'jeans')
('blue', 'jumper')
('blue', 'leggings')
('blue', 'loafers')
('blue', 'necklace')
('blue', 'panties')
('blue', 'pants')
('blue', 'pumps')
('blue', 'purse')
('blue', 'ring')
('blue', 'romper')
('blue', 'sandals')
('blue', 'scarf')
('blue', 'shirt')
('blue', 'shoes')
('blue', 'shorts')
('blue', 'skirt')
('blue', 'sneakers')
('blue', 'socks')
('blue', 'stockings')
('blue', 'suit')
('blue', 'sunglasses')
('blue', 'sweater')
('blue', 'sweatshirt')
('blue', 'swimwear')
('blue', 't-shirt')
('blue', 'tie')
('blue', 'tights')
('blue', 'top')
('blue', 'vest')
('blue', 'wallet')
('blue', 'watch')
('blue', 'wedges')
('brick-red', 'accessories')
('brick-red', 'bag')
('brick-red', 'belt')
('brick-red', 'blazer')
('brick-red', 'blouse')
('brick-red', 'bodysuit')
('brick-red', 'boots')
('brick-red', 'bra')
('brick-red', 'bracelet')
('brick-red', 'cape')
('brick-red', 'cardigan')
('brick-red', 'clogs')
('brick-red', 'coat')
('brick-red', 'dress')
('brick-red', 'earrings')
('brick-red', 'flats')
('brick-red', 'glasses')
('brick-red', 'gloves')
('brick-red', 'hat')
('brick-red', 'heels')
('brick-red', 'home-decor')
('brick-red', 'hoodie')
('brick-red', 'intimate')
('brick-red', 'jacket')
('brick-red', 'jeans')
('brick-red', 'jumper')
('brick-red', 'leggings')
('brick-red', 'loafers')
('brick-red', 'necklace')
('brick-red', 'panties')
('brick-red', 'pants')
('brick-red', 'pumps')
('brick-red', 'purse')
('brick-red', 'ring')
('brick-red', 'romper')
('brick-red', 'sandals')
('brick-red', 'scarf')
('brick-red', 'shirt')
('brick-red', 'shoes')
('brick-red', 'shorts')
('brick-red', 'skirt')
('brick-red', 'sneakers')
('brick-red', 'socks')
('brick-red', 'stockings')
('brick-red', 'suit')
('brick-red', 'sunglasses')
('brick-red', 'sweater')
('brick-red', 'sweatshirt')
('brick-red', 'swimwear')
('brick-red', 't-shirt')
('brick-red', 'tie')
('brick-red', 'tights')
('brick-red', 'top')
('brick-red', 'vest')
('brick-red', 'wallet')
('brick-red', 'watch')
('brick-red', 'wedges')
('bronze', 'accessories')
('bronze', 'bag')
('bronze', 'belt')
('bronze', 'blazer')
('bronze', 'blouse')
('bronze', 'bodysuit')
('bronze', 'boots')
('bronze', 'bra')
('bronze', 'bracelet')
('bronze', 'cape')
('bronze', 'cardigan')
('bronze', 'clogs')
('bronze', 'coat')
('bronze', 'dress')
('bronze', 'earrings')
('bronze', 'flats')
('bronze', 'glasses')
('bronze', 'gloves')
('bronze', 'hat')
('bronze', 'heels')
('bronze', 'home-decor')
('bronze', 'hoodie')
('bronze', 'intimate')
('bronze', 'jacket')
('bronze', 'jeans')
('bronze', 'jumper')
('bronze', 'leggings')
('bronze', 'loafers')
('bronze', 'necklace')
('bronze', 'panties')
('bronze', 'pants')
('bronze', 'pumps')
('bronze', 'purse')
('bronze', 'ring')
('bronze', 'romper')
('bronze', 'sandals')
('bronze', 'scarf')
('bronze', 'shirt')
('bronze', 'shoes')
('bronze', 'shorts')
('bronze', 'skirt')
('bronze', 'sneakers')
('bronze', 'socks')
('bronze', 'stockings')
('bronze', 'suit')
('bronze', 'sunglasses')
('bronze', 'sweater')
('bronze', 'sweatshirt')
('bronze', 'swimwear')
('bronze', 't-shirt')
('bronze', 'tie')
('bronze', 'tights')
('bronze', 'top')
('bronze', 'vest')
('bronze', 'wallet')
('bronze', 'watch')
('bronze', 'wedges')
('brown', 'accessories')
('brown', 'bag')
('brown', 'belt')
('brown', 'blazer')
('brown', 'blouse')
('brown', 'bodysuit')
('brown', 'boots')
('brown', 'bra')
('brown', 'bracelet')
('brown', 'cape')
('brown', 'cardigan')
('brown', 'clogs')
('brown', 'coat')
('brown', 'dress')
('brown', 'earrings')
('brown', 'flats')
('brown', 'glasses')
('brown', 'gloves')
('brown', 'hat')
('brown', 'heels')
('brown', 'home-decor')
('brown', 'hoodie')
('brown', 'intimate')
('brown', 'jacket')
('brown', 'jeans')
('brown', 'jumper')
('brown', 'leggings')
('brown', 'loafers')
('brown', 'necklace')
('brown', 'panties')
('brown', 'pants')
('brown', 'pumps')
('brown', 'purse')
('brown', 'ring')
('brown', 'romper')
('brown', 'sandals')
('brown', 'scarf')
('brown', 'shirt')
('brown', 'shoes')
('brown', 'shorts')
('brown', 'skirt')
('brown', 'sneakers')
('brown', 'socks')
('brown', 'stockings')
('brown', 'suit')
('brown', 'sunglasses')
('brown', 'sweater')
('brown', 'sweatshirt')
('brown', 'swimwear')
('brown', 't-shirt')
('brown', 'tie')
('brown', 'tights')
('brown', 'top')
('brown', 'vest')
('brown', 'wallet')
('brown', 'watch')
('brown', 'wedges')
('bubble-gum', 'accessories')
('bubble-gum', 'bag')
('bubble-gum', 'belt')
('bubble-gum', 'blazer')
('bubble-gum', 'blouse')
('bubble-gum', 'bodysuit')
('bubble-gum', 'boots')
('bubble-gum', 'bra')
('bubble-gum', 'bracelet')
('bubble-gum', 'cape')
('bubble-gum', 'cardigan')
('bubble-gum', 'clogs')
('bubble-gum', 'coat')
('bubble-gum', 'dress')
('bubble-gum', 'earrings')
('bubble-gum', 'flats')
('bubble-gum', 'glasses')
('bubble-gum', 'gloves')
('bubble-gum', 'hat')
('bubble-gum', 'heels')
('bubble-gum', 'home-decor')
('bubble-gum', 'hoodie')
('bubble-gum', 'intimate')
('bubble-gum', 'jacket')
('bubble-gum', 'jeans')
('bubble-gum', 'jumper')
('bubble-gum', 'leggings')
('bubble-gum', 'loafers')
('bubble-gum', 'necklace')
('bubble-gum', 'panties')
('bubble-gum', 'pants')
('bubble-gum', 'pumps')
('bubble-gum', 'purse')
('bubble-gum', 'ring')
('bubble-gum', 'romper')
('bubble-gum', 'sandals')
('bubble-gum', 'scarf')
('bubble-gum', 'shirt')
('bubble-gum', 'shoes')
('bubble-gum', 'shorts')
('bubble-gum', 'skirt')
('bubble-gum', 'sneakers')
('bubble-gum', 'socks')
('bubble-gum', 'stockings')
('bubble-gum', 'suit')
('bubble-gum', 'sunglasses')
('bubble-gum', 'sweater')
('bubble-gum', 'sweatshirt')
('bubble-gum', 'swimwear')
('bubble-gum', 't-shirt')
('bubble-gum', 'tie')
('bubble-gum', 'tights')
('bubble-gum', 'top')
('bubble-gum', 'vest')
('bubble-gum', 'wallet')
('bubble-gum', 'watch')
('bubble-gum', 'wedges')
('burnt-orange', 'accessories')
('burnt-orange', 'bag')
('burnt-orange', 'belt')
('burnt-orange', 'blazer')
('burnt-orange', 'blouse')
('burnt-orange', 'bodysuit')
('burnt-orange', 'boots')
('burnt-orange', 'bra')
('burnt-orange', 'bracelet')
('burnt-orange', 'cape')
('burnt-orange', 'cardigan')
('burnt-orange', 'clogs')
('burnt-orange', 'coat')
('burnt-orange', 'dress')
('burnt-orange', 'earrings')
('burnt-orange', 'flats')
('burnt-orange', 'glasses')
('burnt-orange', 'gloves')
('burnt-orange', 'hat')
('burnt-orange', 'heels')
('burnt-orange', 'home-decor')
('burnt-orange', 'hoodie')
('burnt-orange', 'intimate')
('burnt-orange', 'jacket')
('burnt-orange', 'jeans')
('burnt-orange', 'jumper')
('burnt-orange', 'leggings')
('burnt-orange', 'loafers')
('burnt-orange', 'necklace')
('burnt-orange', 'panties')
('burnt-orange', 'pants')
('burnt-orange', 'pumps')
('burnt-orange', 'purse')
('burnt-orange', 'ring')
('burnt-orange', 'romper')
('burnt-orange', 'sandals')
('burnt-orange', 'scarf')
('burnt-orange', 'shirt')
('burnt-orange', 'shoes')
('burnt-orange', 'shorts')
('burnt-orange', 'skirt')
('burnt-orange', 'sneakers')
('burnt-orange', 'socks')
('burnt-orange', 'stockings')
('burnt-orange', 'suit')
('burnt-orange', 'sunglasses')
('burnt-orange', 'sweater')
('burnt-orange', 'sweatshirt')
('burnt-orange', 'swimwear')
('burnt-orange', 't-shirt')
('burnt-orange', 'tie')
('burnt-orange', 'tights')
('burnt-orange', 'top')
('burnt-orange', 'vest')
('burnt-orange', 'wallet')
('burnt-orange', 'watch')
('burnt-orange', 'wedges')
('camel', 'accessories')
('camel', 'bag')
('camel', 'belt')
('camel', 'blazer')
('camel', 'blouse')
('camel', 'bodysuit')
('camel', 'boots')
('camel', 'bra')
('camel', 'bracelet')
('camel', 'cape')
('camel', 'cardigan')
('camel', 'clogs')
('camel', 'coat')
('camel', 'dress')
('camel', 'earrings')
('camel', 'flats')
('camel', 'glasses')
('camel', 'gloves')
('camel', 'hat')
('camel', 'heels')
('camel', 'home-decor')
('camel', 'hoodie')
('camel', 'intimate')
('camel', 'jacket')
('camel', 'jeans')
('camel', 'jumper')
('camel', 'leggings')
('camel', 'loafers')
('camel', 'necklace')
('camel', 'panties')
('camel', 'pants')
('camel', 'pumps')
('camel', 'purse')
('camel', 'ring')
('camel', 'romper')
('camel', 'sandals')
('camel', 'scarf')
('camel', 'shirt')
('camel', 'shoes')
('camel', 'shorts')
('camel', 'skirt')
('camel', 'sneakers')
('camel', 'socks')
('camel', 'stockings')
('camel', 'suit')
('camel', 'sunglasses')
('camel', 'sweater')
('camel', 'sweatshirt')
('camel', 'swimwear')
('camel', 't-shirt')
('camel', 'tie')
('camel', 'tights')
('camel', 'top')
('camel', 'vest')
('camel', 'wallet')
('camel', 'watch')
('camel', 'wedges')
('carrot-orange', 'accessories')
('carrot-orange', 'bag')
('carrot-orange', 'belt')
('carrot-orange', 'blazer')
('carrot-orange', 'blouse')
('carrot-orange', 'bodysuit')
('carrot-orange', 'boots')
('carrot-orange', 'bra')
('carrot-orange', 'bracelet')
('carrot-orange', 'cape')
('carrot-orange', 'cardigan')
('carrot-orange', 'clogs')
('carrot-orange', 'coat')
('carrot-orange', 'dress')
('carrot-orange', 'earrings')
('carrot-orange', 'flats')
('carrot-orange', 'glasses')
('carrot-orange', 'gloves')
('carrot-orange', 'hat')
('carrot-orange', 'heels')
('carrot-orange', 'home-decor')
('carrot-orange', 'hoodie')
('carrot-orange', 'intimate')
('carrot-orange', 'jacket')
('carrot-orange', 'jeans')
('carrot-orange', 'jumper')
('carrot-orange', 'leggings')
('carrot-orange', 'loafers')
('carrot-orange', 'necklace')
('carrot-orange', 'panties')
('carrot-orange', 'pants')
('carrot-orange', 'pumps')
('carrot-orange', 'purse')
('carrot-orange', 'ring')
('carrot-orange', 'romper')
('carrot-orange', 'sandals')
('carrot-orange', 'scarf')
('carrot-orange', 'shirt')
('carrot-orange', 'shoes')
('carrot-orange', 'shorts')
('carrot-orange', 'skirt')
('carrot-orange', 'sneakers')
('carrot-orange', 'socks')
('carrot-orange', 'stockings')
('carrot-orange', 'suit')
('carrot-orange', 'sunglasses')
('carrot-orange', 'sweater')
('carrot-orange', 'sweatshirt')
('carrot-orange', 'swimwear')
('carrot-orange', 't-shirt')
('carrot-orange', 'tie')
('carrot-orange', 'tights')
('carrot-orange', 'top')
('carrot-orange', 'vest')
('carrot-orange', 'wallet')
('carrot-orange', 'watch')
('carrot-orange', 'wedges')
('charcoal-gray', 'accessories')
('charcoal-gray', 'bag')
('charcoal-gray', 'belt')
('charcoal-gray', 'blazer')
('charcoal-gray', 'blouse')
('charcoal-gray', 'bodysuit')
('charcoal-gray', 'boots')
('charcoal-gray', 'bra')
('charcoal-gray', 'bracelet')
('charcoal-gray', 'cape')
('charcoal-gray', 'cardigan')
('charcoal-gray', 'clogs')
('charcoal-gray', 'coat')
('charcoal-gray', 'dress')
('charcoal-gray', 'earrings')
('charcoal-gray', 'flats')
('charcoal-gray', 'glasses')
('charcoal-gray', 'gloves')
('charcoal-gray', 'hat')
('charcoal-gray', 'heels')
('charcoal-gray', 'home-decor')
('charcoal-gray', 'hoodie')
('charcoal-gray', 'intimate')
('charcoal-gray', 'jacket')
('charcoal-gray', 'jeans')
('charcoal-gray', 'jumper')
('charcoal-gray', 'leggings')
('charcoal-gray', 'loafers')
('charcoal-gray', 'necklace')
('charcoal-gray', 'panties')
('charcoal-gray', 'pants')
('charcoal-gray', 'pumps')
('charcoal-gray', 'purse')
('charcoal-gray', 'ring')
('charcoal-gray', 'romper')
('charcoal-gray', 'sandals')
('charcoal-gray', 'scarf')
('charcoal-gray', 'shirt')
('charcoal-gray', 'shoes')
('charcoal-gray', 'shorts')
('charcoal-gray', 'skirt')
('charcoal-gray', 'sneakers')
('charcoal-gray', 'socks')
('charcoal-gray', 'stockings')
('charcoal-gray', 'suit')
('charcoal-gray', 'sunglasses')
('charcoal-gray', 'sweater')
('charcoal-gray', 'sweatshirt')
('charcoal-gray', 'swimwear')
('charcoal-gray', 't-shirt')
('charcoal-gray', 'tie')
('charcoal-gray', 'tights')
('charcoal-gray', 'top')
('charcoal-gray', 'vest')
('charcoal-gray', 'wallet')
('charcoal-gray', 'watch')
('charcoal-gray', 'wedges')
('chartreuse', 'accessories')
('chartreuse', 'bag')
('chartreuse', 'belt')
('chartreuse', 'blazer')
('chartreuse', 'blouse')
('chartreuse', 'bodysuit')
('chartreuse', 'boots')
('chartreuse', 'bra')
('chartreuse', 'bracelet')
('chartreuse', 'cape')
('chartreuse', 'cardigan')
('chartreuse', 'clogs')
('chartreuse', 'coat')
('chartreuse', 'dress')
('chartreuse', 'earrings')
('chartreuse', 'flats')
('chartreuse', 'glasses')
('chartreuse', 'gloves')
('chartreuse', 'hat')
('chartreuse', 'heels')
('chartreuse', 'home-decor')
('chartreuse', 'hoodie')
('chartreuse', 'intimate')
('chartreuse', 'jacket')
('chartreuse', 'jeans')
('chartreuse', 'jumper')
('chartreuse', 'leggings')
('chartreuse', 'loafers')
('chartreuse', 'necklace')
('chartreuse', 'panties')
('chartreuse', 'pants')
('chartreuse', 'pumps')
('chartreuse', 'purse')
('chartreuse', 'ring')
('chartreuse', 'romper')
('chartreuse', 'sandals')
('chartreuse', 'scarf')
('chartreuse', 'shirt')
('chartreuse', 'shoes')
('chartreuse', 'shorts')
('chartreuse', 'skirt')
('chartreuse', 'sneakers')
('chartreuse', 'socks')
('chartreuse', 'stockings')
('chartreuse', 'suit')
('chartreuse', 'sunglasses')
('chartreuse', 'sweater')
('chartreuse', 'sweatshirt')
('chartreuse', 'swimwear')
('chartreuse', 't-shirt')
('chartreuse', 'tie')
('chartreuse', 'tights')
('chartreuse', 'top')
('chartreuse', 'vest')
('chartreuse', 'wallet')
('chartreuse', 'watch')
('chartreuse', 'wedges')
('coral', 'accessories')
('coral', 'bag')
('coral', 'belt')
('coral', 'blazer')
('coral', 'blouse')
('coral', 'bodysuit')
('coral', 'boots')
('coral', 'bra')
('coral', 'bracelet')
('coral', 'cape')
('coral', 'cardigan')
('coral', 'clogs')
('coral', 'coat')
('coral', 'dress')
('coral', 'earrings')
('coral', 'flats')
('coral', 'glasses')
('coral', 'gloves')
('coral', 'hat')
('coral', 'heels')
('coral', 'home-decor')
('coral', 'hoodie')
('coral', 'intimate')
('coral', 'jacket')
('coral', 'jeans')
('coral', 'jumper')
('coral', 'leggings')
('coral', 'loafers')
('coral', 'necklace')
('coral', 'panties')
('coral', 'pants')
('coral', 'pumps')
('coral', 'purse')
('coral', 'ring')
('coral', 'romper')
('coral', 'sandals')
('coral', 'scarf')
('coral', 'shirt')
('coral', 'shoes')
('coral', 'shorts')
('coral', 'skirt')
('coral', 'sneakers')
('coral', 'socks')
('coral', 'stockings')
('coral', 'suit')
('coral', 'sunglasses')
('coral', 'sweater')
('coral', 'sweatshirt')
('coral', 'swimwear')
('coral', 't-shirt')
('coral', 'tie')
('coral', 'tights')
('coral', 'top')
('coral', 'vest')
('coral', 'wallet')
('coral', 'watch')
('coral', 'wedges')
('cream', 'accessories')
('cream', 'bag')
('cream', 'belt')
('cream', 'blazer')
('cream', 'blouse')
('cream', 'bodysuit')
('cream', 'boots')
('cream', 'bra')
('cream', 'bracelet')
('cream', 'cape')
('cream', 'cardigan')
('cream', 'clogs')
('cream', 'coat')
('cream', 'dress')
('cream', 'earrings')
('cream', 'flats')
('cream', 'glasses')
('cream', 'gloves')
('cream', 'hat')
('cream', 'heels')
('cream', 'home-decor')
('cream', 'hoodie')
('cream', 'intimate')
('cream', 'jacket')
('cream', 'jeans')
('cream', 'jumper')
('cream', 'leggings')
('cream', 'loafers')
('cream', 'necklace')
('cream', 'panties')
('cream', 'pants')
('cream', 'pumps')
('cream', 'purse')
('cream', 'ring')
('cream', 'romper')
('cream', 'sandals')
('cream', 'scarf')
('cream', 'shirt')
('cream', 'shoes')
('cream', 'shorts')
('cream', 'skirt')
('cream', 'sneakers')
('cream', 'socks')
('cream', 'stockings')
('cream', 'suit')
('cream', 'sunglasses')
('cream', 'sweater')
('cream', 'sweatshirt')
('cream', 'swimwear')
('cream', 't-shirt')
('cream', 'tie')
('cream', 'tights')
('cream', 'top')
('cream', 'vest')
('cream', 'wallet')
('cream', 'watch')
('cream', 'wedges')
('crimson', 'accessories')
('crimson', 'bag')
('crimson', 'belt')
('crimson', 'blazer')
('crimson', 'blouse')
('crimson', 'bodysuit')
('crimson', 'boots')
('crimson', 'bra')
('crimson', 'bracelet')
('crimson', 'cape')
('crimson', 'cardigan')
('crimson', 'clogs')
('crimson', 'coat')
('crimson', 'dress')
('crimson', 'earrings')
('crimson', 'flats')
('crimson', 'glasses')
('crimson', 'gloves')
('crimson', 'hat')
('crimson', 'heels')
('crimson', 'home-decor')
('crimson', 'hoodie')
('crimson', 'intimate')
('crimson', 'jacket')
('crimson', 'jeans')
('crimson', 'jumper')
('crimson', 'leggings')
('crimson', 'loafers')
('crimson', 'necklace')
('crimson', 'panties')
('crimson', 'pants')
('crimson', 'pumps')
('crimson', 'purse')
('crimson', 'ring')
('crimson', 'romper')
('crimson', 'sandals')
('crimson', 'scarf')
('crimson', 'shirt')
('crimson', 'shoes')
('crimson', 'shorts')
('crimson', 'skirt')
('crimson', 'sneakers')
('crimson', 'socks')
('crimson', 'stockings')
('crimson', 'suit')
('crimson', 'sunglasses')
('crimson', 'sweater')
('crimson', 'sweatshirt')
('crimson', 'swimwear')
('crimson', 't-shirt')
('crimson', 'tie')
('crimson', 'tights')
('crimson', 'top')
('crimson', 'vest')
('crimson', 'wallet')
('crimson', 'watch')
('crimson', 'wedges')
('dark-brown', 'accessories')
('dark-brown', 'bag')
('dark-brown', 'belt')
('dark-brown', 'blazer')
('dark-brown', 'blouse')
('dark-brown', 'bodysuit')
('dark-brown', 'boots')
('dark-brown', 'bra')
('dark-brown', 'bracelet')
('dark-brown', 'cape')
('dark-brown', 'cardigan')
('dark-brown', 'clogs')
('dark-brown', 'coat')
('dark-brown', 'dress')
('dark-brown', 'earrings')
('dark-brown', 'flats')
('dark-brown', 'glasses')
('dark-brown', 'gloves')
('dark-brown', 'hat')
('dark-brown', 'heels')
('dark-brown', 'home-decor')
('dark-brown', 'hoodie')
('dark-brown', 'intimate')
('dark-brown', 'jacket')
('dark-brown', 'jeans')
('dark-brown', 'jumper')
('dark-brown', 'leggings')
('dark-brown', 'loafers')
('dark-brown', 'necklace')
('dark-brown', 'panties')
('dark-brown', 'pants')
('dark-brown', 'pumps')
('dark-brown', 'purse')
('dark-brown', 'ring')
('dark-brown', 'romper')
('dark-brown', 'sandals')
('dark-brown', 'scarf')
('dark-brown', 'shirt')
('dark-brown', 'shoes')
('dark-brown', 'shorts')
('dark-brown', 'skirt')
('dark-brown', 'sneakers')
('dark-brown', 'socks')
('dark-brown', 'stockings')
('dark-brown', 'suit')
('dark-brown', 'sunglasses')
('dark-brown', 'sweater')
('dark-brown', 'sweatshirt')
('dark-brown', 'swimwear')
('dark-brown', 't-shirt')
('dark-brown', 'tie')
('dark-brown', 'tights')
('dark-brown', 'top')
('dark-brown', 'vest')
('dark-brown', 'wallet')
('dark-brown', 'watch')
('dark-brown', 'wedges')
('dark-gray', 'accessories')
('dark-gray', 'bag')
('dark-gray', 'belt')
('dark-gray', 'blazer')
('dark-gray', 'blouse')
('dark-gray', 'bodysuit')
('dark-gray', 'boots')
('dark-gray', 'bra')
('dark-gray', 'bracelet')
('dark-gray', 'cape')
('dark-gray', 'cardigan')
('dark-gray', 'clogs')
('dark-gray', 'coat')
('dark-gray', 'dress')
('dark-gray', 'earrings')
('dark-gray', 'flats')
('dark-gray', 'glasses')
('dark-gray', 'gloves')
('dark-gray', 'hat')
('dark-gray', 'heels')
('dark-gray', 'home-decor')
('dark-gray', 'hoodie')
('dark-gray', 'intimate')
('dark-gray', 'jacket')
('dark-gray', 'jeans')
('dark-gray', 'jumper')
('dark-gray', 'leggings')
('dark-gray', 'loafers')
('dark-gray', 'necklace')
('dark-gray', 'panties')
('dark-gray', 'pants')
('dark-gray', 'pumps')
('dark-gray', 'purse')
('dark-gray', 'ring')
('dark-gray', 'romper')
('dark-gray', 'sandals')
('dark-gray', 'scarf')
('dark-gray', 'shirt')
('dark-gray', 'shoes')
('dark-gray', 'shorts')
('dark-gray', 'skirt')
('dark-gray', 'sneakers')
('dark-gray', 'socks')
('dark-gray', 'stockings')
('dark-gray', 'suit')
('dark-gray', 'sunglasses')
('dark-gray', 'sweater')
('dark-gray', 'sweatshirt')
('dark-gray', 'swimwear')
('dark-gray', 't-shirt')
('dark-gray', 'tie')
('dark-gray', 'tights')
('dark-gray', 'top')
('dark-gray', 'vest')
('dark-gray', 'wallet')
('dark-gray', 'watch')
('dark-gray', 'wedges')
('dark-green', 'accessories')
('dark-green', 'bag')
('dark-green', 'belt')
('dark-green', 'blazer')
('dark-green', 'blouse')
('dark-green', 'bodysuit')
('dark-green', 'boots')
('dark-green', 'bra')
('dark-green', 'bracelet')
('dark-green', 'cape')
('dark-green', 'cardigan')
('dark-green', 'clogs')
('dark-green', 'coat')
('dark-green', 'dress')
('dark-green', 'earrings')
('dark-green', 'flats')
('dark-green', 'glasses')
('dark-green', 'gloves')
('dark-green', 'hat')
('dark-green', 'heels')
('dark-green', 'home-decor')
('dark-green', 'hoodie')
('dark-green', 'intimate')
('dark-green', 'jacket')
('dark-green', 'jeans')
('dark-green', 'jumper')
('dark-green', 'leggings')
('dark-green', 'loafers')
('dark-green', 'necklace')
('dark-green', 'panties')
('dark-green', 'pants')
('dark-green', 'pumps')
('dark-green', 'purse')
('dark-green', 'ring')
('dark-green', 'romper')
('dark-green', 'sandals')
('dark-green', 'scarf')
('dark-green', 'shirt')
('dark-green', 'shoes')
('dark-green', 'shorts')
('dark-green', 'skirt')
('dark-green', 'sneakers')
('dark-green', 'socks')
('dark-green', 'stockings')
('dark-green', 'suit')
('dark-green', 'sunglasses')
('dark-green', 'sweater')
('dark-green', 'sweatshirt')
('dark-green', 'swimwear')
('dark-green', 't-shirt')
('dark-green', 'tie')
('dark-green', 'tights')
('dark-green', 'top')
('dark-green', 'vest')
('dark-green', 'wallet')
('dark-green', 'watch')
('dark-green', 'wedges')
('dark-khaki', 'accessories')
('dark-khaki', 'bag')
('dark-khaki', 'belt')
('dark-khaki', 'blazer')
('dark-khaki', 'blouse')
('dark-khaki', 'bodysuit')
('dark-khaki', 'boots')
('dark-khaki', 'bra')
('dark-khaki', 'bracelet')
('dark-khaki', 'cape')
('dark-khaki', 'cardigan')
('dark-khaki', 'clogs')
('dark-khaki', 'coat')
('dark-khaki', 'dress')
('dark-khaki', 'earrings')
('dark-khaki', 'flats')
('dark-khaki', 'glasses')
('dark-khaki', 'gloves')
('dark-khaki', 'hat')
('dark-khaki', 'heels')
('dark-khaki', 'home-decor')
('dark-khaki', 'hoodie')
('dark-khaki', 'intimate')
('dark-khaki', 'jacket')
('dark-khaki', 'jeans')
('dark-khaki', 'jumper')
('dark-khaki', 'leggings')
('dark-khaki', 'loafers')
('dark-khaki', 'necklace')
('dark-khaki', 'panties')
('dark-khaki', 'pants')
('dark-khaki', 'pumps')
('dark-khaki', 'purse')
('dark-khaki', 'ring')
('dark-khaki', 'romper')
('dark-khaki', 'sandals')
('dark-khaki', 'scarf')
('dark-khaki', 'shirt')
('dark-khaki', 'shoes')
('dark-khaki', 'shorts')
('dark-khaki', 'skirt')
('dark-khaki', 'sneakers')
('dark-khaki', 'socks')
('dark-khaki', 'stockings')
('dark-khaki', 'suit')
('dark-khaki', 'sunglasses')
('dark-khaki', 'sweater')
('dark-khaki', 'sweatshirt')
('dark-khaki', 'swimwear')
('dark-khaki', 't-shirt')
('dark-khaki', 'tie')
('dark-khaki', 'tights')
('dark-khaki', 'top')
('dark-khaki', 'vest')
('dark-khaki', 'wallet')
('dark-khaki', 'watch')
('dark-khaki', 'wedges')
('deep-purple', 'accessories')
('deep-purple', 'bag')
('deep-purple', 'belt')
('deep-purple', 'blazer')
('deep-purple', 'blouse')
('deep-purple', 'bodysuit')
('deep-purple', 'boots')
('deep-purple', 'bra')
('deep-purple', 'bracelet')
('deep-purple', 'cape')
('deep-purple', 'cardigan')
('deep-purple', 'clogs')
('deep-purple', 'coat')
('deep-purple', 'dress')
('deep-purple', 'earrings')
('deep-purple', 'flats')
('deep-purple', 'glasses')
('deep-purple', 'gloves')
('deep-purple', 'hat')
('deep-purple', 'heels')
('deep-purple', 'home-decor')
('deep-purple', 'hoodie')
('deep-purple', 'intimate')
('deep-purple', 'jacket')
('deep-purple', 'jeans')
('deep-purple', 'jumper')
('deep-purple', 'leggings')
('deep-purple', 'loafers')
('deep-purple', 'necklace')
('deep-purple', 'panties')
('deep-purple', 'pants')
('deep-purple', 'pumps')
('deep-purple', 'purse')
('deep-purple', 'ring')
('deep-purple', 'romper')
('deep-purple', 'sandals')
('deep-purple', 'scarf')
('deep-purple', 'shirt')
('deep-purple', 'shoes')
('deep-purple', 'shorts')
('deep-purple', 'skirt')
('deep-purple', 'sneakers')
('deep-purple', 'socks')
('deep-purple', 'stockings')
('deep-purple', 'suit')
('deep-purple', 'sunglasses')
('deep-purple', 'sweater')
('deep-purple', 'sweatshirt')
('deep-purple', 'swimwear')
('deep-purple', 't-shirt')
('deep-purple', 'tie')
('deep-purple', 'tights')
('deep-purple', 'top')
('deep-purple', 'vest')
('deep-purple', 'wallet')
('deep-purple', 'watch')
('deep-purple', 'wedges')
('eggshell', 'accessories')
('eggshell', 'bag')
('eggshell', 'belt')
('eggshell', 'blazer')
('eggshell', 'blouse')
('eggshell', 'bodysuit')
('eggshell', 'boots')
('eggshell', 'bra')
('eggshell', 'bracelet')
('eggshell', 'cape')
('eggshell', 'cardigan')
('eggshell', 'clogs')
('eggshell', 'coat')
('eggshell', 'dress')
('eggshell', 'earrings')
('eggshell', 'flats')
('eggshell', 'glasses')
('eggshell', 'gloves')
('eggshell', 'hat')
('eggshell', 'heels')
('eggshell', 'home-decor')
('eggshell', 'hoodie')
('eggshell', 'intimate')
('eggshell', 'jacket')
('eggshell', 'jeans')
('eggshell', 'jumper')
('eggshell', 'leggings')
('eggshell', 'loafers')
('eggshell', 'necklace')
('eggshell', 'panties')
('eggshell', 'pants')
('eggshell', 'pumps')
('eggshell', 'purse')
('eggshell', 'ring')
('eggshell', 'romper')
('eggshell', 'sandals')
('eggshell', 'scarf')
('eggshell', 'shirt')
('eggshell', 'shoes')
('eggshell', 'shorts')
('eggshell', 'skirt')
('eggshell', 'sneakers')
('eggshell', 'socks')
('eggshell', 'stockings')
('eggshell', 'suit')
('eggshell', 'sunglasses')
('eggshell', 'sweater')
('eggshell', 'sweatshirt')
('eggshell', 'swimwear')
('eggshell', 't-shirt')
('eggshell', 'tie')
('eggshell', 'tights')
('eggshell', 'top')
('eggshell', 'vest')
('eggshell', 'wallet')
('eggshell', 'watch')
('eggshell', 'wedges')
('forest-green', 'accessories')
('forest-green', 'bag')
('forest-green', 'belt')
('forest-green', 'blazer')
('forest-green', 'blouse')
('forest-green', 'bodysuit')
('forest-green', 'boots')
('forest-green', 'bra')
('forest-green', 'bracelet')
('forest-green', 'cape')
('forest-green', 'cardigan')
('forest-green', 'clogs')
('forest-green', 'coat')
('forest-green', 'dress')
('forest-green', 'earrings')
('forest-green', 'flats')
('forest-green', 'glasses')
('forest-green', 'gloves')
('forest-green', 'hat')
('forest-green', 'heels')
('forest-green', 'home-decor')
('forest-green', 'hoodie')
('forest-green', 'intimate')
('forest-green', 'jacket')
('forest-green', 'jeans')
('forest-green', 'jumper')
('forest-green', 'leggings')
('forest-green', 'loafers')
('forest-green', 'necklace')
('forest-green', 'panties')
('forest-green', 'pants')
('forest-green', 'pumps')
('forest-green', 'purse')
('forest-green', 'ring')
('forest-green', 'romper')
('forest-green', 'sandals')
('forest-green', 'scarf')
('forest-green', 'shirt')
('forest-green', 'shoes')
('forest-green', 'shorts')
('forest-green', 'skirt')
('forest-green', 'sneakers')
('forest-green', 'socks')
('forest-green', 'stockings')
('forest-green', 'suit')
('forest-green', 'sunglasses')
('forest-green', 'sweater')
('forest-green', 'sweatshirt')
('forest-green', 'swimwear')
('forest-green', 't-shirt')
('forest-green', 'tie')
('forest-green', 'tights')
('forest-green', 'top')
('forest-green', 'vest')
('forest-green', 'wallet')
('forest-green', 'watch')
('forest-green', 'wedges')
('gold', 'accessories')
('gold', 'bag')
('gold', 'belt')
('gold', 'blazer')
('gold', 'blouse')
('gold', 'bodysuit')
('gold', 'boots')
('gold', 'bra')
('gold', 'bracelet')
('gold', 'cape')
('gold', 'cardigan')
('gold', 'clogs')
('gold', 'coat')
('gold', 'dress')
('gold', 'earrings')
('gold', 'flats')
('gold', 'glasses')
('gold', 'gloves')
('gold', 'hat')
('gold', 'heels')
('gold', 'home-decor')
('gold', 'hoodie')
('gold', 'intimate')
('gold', 'jacket')
('gold', 'jeans')
('gold', 'jumper')
('gold', 'leggings')
('gold', 'loafers')
('gold', 'necklace')
('gold', 'panties')
('gold', 'pants')
('gold', 'pumps')
('gold', 'purse')
('gold', 'ring')
('gold', 'romper')
('gold', 'sandals')
('gold', 'scarf')
('gold', 'shirt')
('gold', 'shoes')
('gold', 'shorts')
('gold', 'skirt')
('gold', 'sneakers')
('gold', 'socks')
('gold', 'stockings')
('gold', 'suit')
('gold', 'sunglasses')
('gold', 'sweater')
('gold', 'sweatshirt')
('gold', 'swimwear')
('gold', 't-shirt')
('gold', 'tie')
('gold', 'tights')
('gold', 'top')
('gold', 'vest')
('gold', 'wallet')
('gold', 'watch')
('gold', 'wedges')
('gray', 'accessories')
('gray', 'bag')
('gray', 'belt')
('gray', 'blazer')
('gray', 'blouse')
('gray', 'bodysuit')
('gray', 'boots')
('gray', 'bra')
('gray', 'bracelet')
('gray', 'cape')
('gray', 'cardigan')
('gray', 'clogs')
('gray', 'coat')
('gray', 'dress')
('gray', 'earrings')
('gray', 'flats')
('gray', 'glasses')
('gray', 'gloves')
('gray', 'hat')
('gray', 'heels')
('gray', 'home-decor')
('gray', 'hoodie')
('gray', 'intimate')
('gray', 'jacket')
('gray', 'jeans')
('gray', 'jumper')
('gray', 'leggings')
('gray', 'loafers')
('gray', 'necklace')
('gray', 'panties')
('gray', 'pants')
('gray', 'pumps')
('gray', 'purse')
('gray', 'ring')
('gray', 'romper')
('gray', 'sandals')
('gray', 'scarf')
('gray', 'shirt')
('gray', 'shoes')
('gray', 'shorts')
('gray', 'skirt')
('gray', 'sneakers')
('gray', 'socks')
('gray', 'stockings')
('gray', 'suit')
('gray', 'sunglasses')
('gray', 'sweater')
('gray', 'sweatshirt')
('gray', 'swimwear')
('gray', 't-shirt')
('gray', 'tie')
('gray', 'tights')
('gray', 'top')
('gray', 'vest')
('gray', 'wallet')
('gray', 'watch')
('gray', 'wedges')
('green', 'accessories')
('green', 'bag')
('green', 'belt')
('green', 'blazer')
('green', 'blouse')
('green', 'bodysuit')
('green', 'boots')
('green', 'bra')
('green', 'bracelet')
('green', 'cape')
('green', 'cardigan')
('green', 'clogs')
('green', 'coat')
('green', 'dress')
('green', 'earrings')
('green', 'flats')
('green', 'glasses')
('green', 'gloves')
('green', 'hat')
('green', 'heels')
('green', 'home-decor')
('green', 'hoodie')
('green', 'intimate')
('green', 'jacket')
('green', 'jeans')
('green', 'jumper')
('green', 'leggings')
('green', 'loafers')
('green', 'necklace')
('green', 'panties')
('green', 'pants')
('green', 'pumps')
('green', 'purse')
('green', 'ring')
('green', 'romper')
('green', 'sandals')
('green', 'scarf')
('green', 'shirt')
('green', 'shoes')
('green', 'shorts')
('green', 'skirt')
('green', 'sneakers')
('green', 'socks')
('green', 'stockings')
('green', 'suit')
('green', 'sunglasses')
('green', 'sweater')
('green', 'sweatshirt')
('green', 'swimwear')
('green', 't-shirt')
('green', 'tie')
('green', 'tights')
('green', 'top')
('green', 'vest')
('green', 'wallet')
('green', 'watch')
('green', 'wedges')
('heather-gray', 'accessories')
('heather-gray', 'bag')
('heather-gray', 'belt')
('heather-gray', 'blazer')
('heather-gray', 'blouse')
('heather-gray', 'bodysuit')
('heather-gray', 'boots')
('heather-gray', 'bra')
('heather-gray', 'bracelet')
('heather-gray', 'cape')
('heather-gray', 'cardigan')
('heather-gray', 'clogs')
('heather-gray', 'coat')
('heather-gray', 'dress')
('heather-gray', 'earrings')
('heather-gray', 'flats')
('heather-gray', 'glasses')
('heather-gray', 'gloves')
('heather-gray', 'hat')
('heather-gray', 'heels')
('heather-gray', 'home-decor')
('heather-gray', 'hoodie')
('heather-gray', 'intimate')
('heather-gray', 'jacket')
('heather-gray', 'jeans')
('heather-gray', 'jumper')
('heather-gray', 'leggings')
('heather-gray', 'loafers')
('heather-gray', 'necklace')
('heather-gray', 'panties')
('heather-gray', 'pants')
('heather-gray', 'pumps')
('heather-gray', 'purse')
('heather-gray', 'ring')
('heather-gray', 'romper')
('heather-gray', 'sandals')
('heather-gray', 'scarf')
('heather-gray', 'shirt')
('heather-gray', 'shoes')
('heather-gray', 'shorts')
('heather-gray', 'skirt')
('heather-gray', 'sneakers')
('heather-gray', 'socks')
('heather-gray', 'stockings')
('heather-gray', 'suit')
('heather-gray', 'sunglasses')
('heather-gray', 'sweater')
('heather-gray', 'sweatshirt')
('heather-gray', 'swimwear')
('heather-gray', 't-shirt')
('heather-gray', 'tie')
('heather-gray', 'tights')
('heather-gray', 'top')
('heather-gray', 'vest')
('heather-gray', 'wallet')
('heather-gray', 'watch')
('heather-gray', 'wedges')
('hot-pink', 'accessories')
('hot-pink', 'bag')
('hot-pink', 'belt')
('hot-pink', 'blazer')
('hot-pink', 'blouse')
('hot-pink', 'bodysuit')
('hot-pink', 'boots')
('hot-pink', 'bra')
('hot-pink', 'bracelet')
('hot-pink', 'cape')
('hot-pink', 'cardigan')
('hot-pink', 'clogs')
('hot-pink', 'coat')
('hot-pink', 'dress')
('hot-pink', 'earrings')
('hot-pink', 'flats')
('hot-pink', 'glasses')
('hot-pink', 'gloves')
('hot-pink', 'hat')
('hot-pink', 'heels')
('hot-pink', 'home-decor')
('hot-pink', 'hoodie')
('hot-pink', 'intimate')
('hot-pink', 'jacket')
('hot-pink', 'jeans')
('hot-pink', 'jumper')
('hot-pink', 'leggings')
('hot-pink', 'loafers')
('hot-pink', 'necklace')
('hot-pink', 'panties')
('hot-pink', 'pants')
('hot-pink', 'pumps')
('hot-pink', 'purse')
('hot-pink', 'ring')
('hot-pink', 'romper')
('hot-pink', 'sandals')
('hot-pink', 'scarf')
('hot-pink', 'shirt')
('hot-pink', 'shoes')
('hot-pink', 'shorts')
('hot-pink', 'skirt')
('hot-pink', 'sneakers')
('hot-pink', 'socks')
('hot-pink', 'stockings')
('hot-pink', 'suit')
('hot-pink', 'sunglasses')
('hot-pink', 'sweater')
('hot-pink', 'sweatshirt')
('hot-pink', 'swimwear')
('hot-pink', 't-shirt')
('hot-pink', 'tie')
('hot-pink', 'tights')
('hot-pink', 'top')
('hot-pink', 'vest')
('hot-pink', 'wallet')
('hot-pink', 'watch')
('hot-pink', 'wedges')
('ivory', 'accessories')
('ivory', 'bag')
('ivory', 'belt')
('ivory', 'blazer')
('ivory', 'blouse')
('ivory', 'bodysuit')
('ivory', 'boots')
('ivory', 'bra')
('ivory', 'bracelet')
('ivory', 'cape')
('ivory', 'cardigan')
('ivory', 'clogs')
('ivory', 'coat')
('ivory', 'dress')
('ivory', 'earrings')
('ivory', 'flats')
('ivory', 'glasses')
('ivory', 'gloves')
('ivory', 'hat')
('ivory', 'heels')
('ivory', 'home-decor')
('ivory', 'hoodie')
('ivory', 'intimate')
('ivory', 'jacket')
('ivory', 'jeans')
('ivory', 'jumper')
('ivory', 'leggings')
('ivory', 'loafers')
('ivory', 'necklace')
('ivory', 'panties')
('ivory', 'pants')
('ivory', 'pumps')
('ivory', 'purse')
('ivory', 'ring')
('ivory', 'romper')
('ivory', 'sandals')
('ivory', 'scarf')
('ivory', 'shirt')
('ivory', 'shoes')
('ivory', 'shorts')
('ivory', 'skirt')
('ivory', 'sneakers')
('ivory', 'socks')
('ivory', 'stockings')
('ivory', 'suit')
('ivory', 'sunglasses')
('ivory', 'sweater')
('ivory', 'sweatshirt')
('ivory', 'swimwear')
('ivory', 't-shirt')
('ivory', 'tie')
('ivory', 'tights')
('ivory', 'top')
('ivory', 'vest')
('ivory', 'wallet')
('ivory', 'watch')
('ivory', 'wedges')
('light-blue', 'accessories')
('light-blue', 'bag')
('light-blue', 'belt')
('light-blue', 'blazer')
('light-blue', 'blouse')
('light-blue', 'bodysuit')
('light-blue', 'boots')
('light-blue', 'bra')
('light-blue', 'bracelet')
('light-blue', 'cape')
('light-blue', 'cardigan')
('light-blue', 'clogs')
('light-blue', 'coat')
('light-blue', 'dress')
('light-blue', 'earrings')
('light-blue', 'flats')
('light-blue', 'glasses')
('light-blue', 'gloves')
('light-blue', 'hat')
('light-blue', 'heels')
('light-blue', 'home-decor')
('light-blue', 'hoodie')
('light-blue', 'intimate')
('light-blue', 'jacket')
('light-blue', 'jeans')
('light-blue', 'jumper')
('light-blue', 'leggings')
('light-blue', 'loafers')
('light-blue', 'necklace')
('light-blue', 'panties')
('light-blue', 'pants')
('light-blue', 'pumps')
('light-blue', 'purse')
('light-blue', 'ring')
('light-blue', 'romper')
('light-blue', 'sandals')
('light-blue', 'scarf')
('light-blue', 'shirt')
('light-blue', 'shoes')
('light-blue', 'shorts')
('light-blue', 'skirt')
('light-blue', 'sneakers')
('light-blue', 'socks')
('light-blue', 'stockings')
('light-blue', 'suit')
('light-blue', 'sunglasses')
('light-blue', 'sweater')
('light-blue', 'sweatshirt')
('light-blue', 'swimwear')
('light-blue', 't-shirt')
('light-blue', 'tie')
('light-blue', 'tights')
('light-blue', 'top')
('light-blue', 'vest')
('light-blue', 'wallet')
('light-blue', 'watch')
('light-blue', 'wedges')
('light-brown', 'accessories')
('light-brown', 'bag')
('light-brown', 'belt')
('light-brown', 'blazer')
('light-brown', 'blouse')
('light-brown', 'bodysuit')
('light-brown', 'boots')
('light-brown', 'bra')
('light-brown', 'bracelet')
('light-brown', 'cape')
('light-brown', 'cardigan')
('light-brown', 'clogs')
('light-brown', 'coat')
('light-brown', 'dress')
('light-brown', 'earrings')
('light-brown', 'flats')
('light-brown', 'glasses')
('light-brown', 'gloves')
('light-brown', 'hat')
('light-brown', 'heels')
('light-brown', 'home-decor')
('light-brown', 'hoodie')
('light-brown', 'intimate')
('light-brown', 'jacket')
('light-brown', 'jeans')
('light-brown', 'jumper')
('light-brown', 'leggings')
('light-brown', 'loafers')
('light-brown', 'necklace')
('light-brown', 'panties')
('light-brown', 'pants')
('light-brown', 'pumps')
('light-brown', 'purse')
('light-brown', 'ring')
('light-brown', 'romper')
('light-brown', 'sandals')
('light-brown', 'scarf')
('light-brown', 'shirt')
('light-brown', 'shoes')
('light-brown', 'shorts')
('light-brown', 'skirt')
('light-brown', 'sneakers')
('light-brown', 'socks')
('light-brown', 'stockings')
('light-brown', 'suit')
('light-brown', 'sunglasses')
('light-brown', 'sweater')
('light-brown', 'sweatshirt')
('light-brown', 'swimwear')
('light-brown', 't-shirt')
('light-brown', 'tie')
('light-brown', 'tights')
('light-brown', 'top')
('light-brown', 'vest')
('light-brown', 'wallet')
('light-brown', 'watch')
('light-brown', 'wedges')
('light-orange', 'accessories')
('light-orange', 'bag')
('light-orange', 'belt')
('light-orange', 'blazer')
('light-orange', 'blouse')
('light-orange', 'bodysuit')
('light-orange', 'boots')
('light-orange', 'bra')
('light-orange', 'bracelet')
('light-orange', 'cape')
('light-orange', 'cardigan')
('light-orange', 'clogs')
('light-orange', 'coat')
('light-orange', 'dress')
('light-orange', 'earrings')
('light-orange', 'flats')
('light-orange', 'glasses')
('light-orange', 'gloves')
('light-orange', 'hat')
('light-orange', 'heels')
('light-orange', 'home-decor')
('light-orange', 'hoodie')
('light-orange', 'intimate')
('light-orange', 'jacket')
('light-orange', 'jeans')
('light-orange', 'jumper')
('light-orange', 'leggings')
('light-orange', 'loafers')
('light-orange', 'necklace')
('light-orange', 'panties')
('light-orange', 'pants')
('light-orange', 'pumps')
('light-orange', 'purse')
('light-orange', 'ring')
('light-orange', 'romper')
('light-orange', 'sandals')
('light-orange', 'scarf')
('light-orange', 'shirt')
('light-orange', 'shoes')
('light-orange', 'shorts')
('light-orange', 'skirt')
('light-orange', 'sneakers')
('light-orange', 'socks')
('light-orange', 'stockings')
('light-orange', 'suit')
('light-orange', 'sunglasses')
('light-orange', 'sweater')
('light-orange', 'sweatshirt')
('light-orange', 'swimwear')
('light-orange', 't-shirt')
('light-orange', 'tie')
('light-orange', 'tights')
('light-orange', 'top')
('light-orange', 'vest')
('light-orange', 'wallet')
('light-orange', 'watch')
('light-orange', 'wedges')
('light-pink', 'accessories')
('light-pink', 'bag')
('light-pink', 'belt')
('light-pink', 'blazer')
('light-pink', 'blouse')
('light-pink', 'bodysuit')
('light-pink', 'boots')
('light-pink', 'bra')
('light-pink', 'bracelet')
('light-pink', 'cape')
('light-pink', 'cardigan')
('light-pink', 'clogs')
('light-pink', 'coat')
('light-pink', 'dress')
('light-pink', 'earrings')
('light-pink', 'flats')
('light-pink', 'glasses')
('light-pink', 'gloves')
('light-pink', 'hat')
('light-pink', 'heels')
('light-pink', 'home-decor')
('light-pink', 'hoodie')
('light-pink', 'intimate')
('light-pink', 'jacket')
('light-pink', 'jeans')
('light-pink', 'jumper')
('light-pink', 'leggings')
('light-pink', 'loafers')
('light-pink', 'necklace')
('light-pink', 'panties')
('light-pink', 'pants')
('light-pink', 'pumps')
('light-pink', 'purse')
('light-pink', 'ring')
('light-pink', 'romper')
('light-pink', 'sandals')
('light-pink', 'scarf')
('light-pink', 'shirt')
('light-pink', 'shoes')
('light-pink', 'shorts')
('light-pink', 'skirt')
('light-pink', 'sneakers')
('light-pink', 'socks')
('light-pink', 'stockings')
('light-pink', 'suit')
('light-pink', 'sunglasses')
('light-pink', 'sweater')
('light-pink', 'sweatshirt')
('light-pink', 'swimwear')
('light-pink', 't-shirt')
('light-pink', 'tie')
('light-pink', 'tights')
('light-pink', 'top')
('light-pink', 'vest')
('light-pink', 'wallet')
('light-pink', 'watch')
('light-pink', 'wedges')
('light-purple', 'accessories')
('light-purple', 'bag')
('light-purple', 'belt')
('light-purple', 'blazer')
('light-purple', 'blouse')
('light-purple', 'bodysuit')
('light-purple', 'boots')
('light-purple', 'bra')
('light-purple', 'bracelet')
('light-purple', 'cape')
('light-purple', 'cardigan')
('light-purple', 'clogs')
('light-purple', 'coat')
('light-purple', 'dress')
('light-purple', 'earrings')
('light-purple', 'flats')
('light-purple', 'glasses')
('light-purple', 'gloves')
('light-purple', 'hat')
('light-purple', 'heels')
('light-purple', 'home-decor')
('light-purple', 'hoodie')
('light-purple', 'intimate')
('light-purple', 'jacket')
('light-purple', 'jeans')
('light-purple', 'jumper')
('light-purple', 'leggings')
('light-purple', 'loafers')
('light-purple', 'necklace')
('light-purple', 'panties')
('light-purple', 'pants')
('light-purple', 'pumps')
('light-purple', 'purse')
('light-purple', 'ring')
('light-purple', 'romper')
('light-purple', 'sandals')
('light-purple', 'scarf')
('light-purple', 'shirt')
('light-purple', 'shoes')
('light-purple', 'shorts')
('light-purple', 'skirt')
('light-purple', 'sneakers')
('light-purple', 'socks')
('light-purple', 'stockings')
('light-purple', 'suit')
('light-purple', 'sunglasses')
('light-purple', 'sweater')
('light-purple', 'sweatshirt')
('light-purple', 'swimwear')
('light-purple', 't-shirt')
('light-purple', 'tie')
('light-purple', 'tights')
('light-purple', 'top')
('light-purple', 'vest')
('light-purple', 'wallet')
('light-purple', 'watch')
('light-purple', 'wedges')
('light-yellow', 'accessories')
('light-yellow', 'bag')
('light-yellow', 'belt')
('light-yellow', 'blazer')
('light-yellow', 'blouse')
('light-yellow', 'bodysuit')
('light-yellow', 'boots')
('light-yellow', 'bra')
('light-yellow', 'bracelet')
('light-yellow', 'cape')
('light-yellow', 'cardigan')
('light-yellow', 'clogs')
('light-yellow', 'coat')
('light-yellow', 'dress')
('light-yellow', 'earrings')
('light-yellow', 'flats')
('light-yellow', 'glasses')
('light-yellow', 'gloves')
('light-yellow', 'hat')
('light-yellow', 'heels')
('light-yellow', 'home-decor')
('light-yellow', 'hoodie')
('light-yellow', 'intimate')
('light-yellow', 'jacket')
('light-yellow', 'jeans')
('light-yellow', 'jumper')
('light-yellow', 'leggings')
('light-yellow', 'loafers')
('light-yellow', 'necklace')
('light-yellow', 'panties')
('light-yellow', 'pants')
('light-yellow', 'pumps')
('light-yellow', 'purse')
('light-yellow', 'ring')
('light-yellow', 'romper')
('light-yellow', 'sandals')
('light-yellow', 'scarf')
('light-yellow', 'shirt')
('light-yellow', 'shoes')
('light-yellow', 'shorts')
('light-yellow', 'skirt')
('light-yellow', 'sneakers')
('light-yellow', 'socks')
('light-yellow', 'stockings')
('light-yellow', 'suit')
('light-yellow', 'sunglasses')
('light-yellow', 'sweater')
('light-yellow', 'sweatshirt')
('light-yellow', 'swimwear')
('light-yellow', 't-shirt')
('light-yellow', 'tie')
('light-yellow', 'tights')
('light-yellow', 'top')
('light-yellow', 'vest')
('light-yellow', 'wallet')
('light-yellow', 'watch')
('light-yellow', 'wedges')
('lime-green', 'accessories')
('lime-green', 'bag')
('lime-green', 'belt')
('lime-green', 'blazer')
('lime-green', 'blouse')
('lime-green', 'bodysuit')
('lime-green', 'boots')
('lime-green', 'bra')
('lime-green', 'bracelet')
('lime-green', 'cape')
('lime-green', 'cardigan')
('lime-green', 'clogs')
('lime-green', 'coat')
('lime-green', 'dress')
('lime-green', 'earrings')
('lime-green', 'flats')
('lime-green', 'glasses')
('lime-green', 'gloves')
('lime-green', 'hat')
('lime-green', 'heels')
('lime-green', 'home-decor')
('lime-green', 'hoodie')
('lime-green', 'intimate')
('lime-green', 'jacket')
('lime-green', 'jeans')
('lime-green', 'jumper')
('lime-green', 'leggings')
('lime-green', 'loafers')
('lime-green', 'necklace')
('lime-green', 'panties')
('lime-green', 'pants')
('lime-green', 'pumps')
('lime-green', 'purse')
('lime-green', 'ring')
('lime-green', 'romper')
('lime-green', 'sandals')
('lime-green', 'scarf')
('lime-green', 'shirt')
('lime-green', 'shoes')
('lime-green', 'shorts')
('lime-green', 'skirt')
('lime-green', 'sneakers')
('lime-green', 'socks')
('lime-green', 'stockings')
('lime-green', 'suit')
('lime-green', 'sunglasses')
('lime-green', 'sweater')
('lime-green', 'sweatshirt')
('lime-green', 'swimwear')
('lime-green', 't-shirt')
('lime-green', 'tie')
('lime-green', 'tights')
('lime-green', 'top')
('lime-green', 'vest')
('lime-green', 'wallet')
('lime-green', 'watch')
('lime-green', 'wedges')
('magenta', 'accessories')
('magenta', 'bag')
('magenta', 'belt')
('magenta', 'blazer')
('magenta', 'blouse')
('magenta', 'bodysuit')
('magenta', 'boots')
('magenta', 'bra')
('magenta', 'bracelet')
('magenta', 'cape')
('magenta', 'cardigan')
('magenta', 'clogs')
('magenta', 'coat')
('magenta', 'dress')
('magenta', 'earrings')
('magenta', 'flats')
('magenta', 'glasses')
('magenta', 'gloves')
('magenta', 'hat')
('magenta', 'heels')
('magenta', 'home-decor')
('magenta', 'hoodie')
('magenta', 'intimate')
('magenta', 'jacket')
('magenta', 'jeans')
('magenta', 'jumper')
('magenta', 'leggings')
('magenta', 'loafers')
('magenta', 'necklace')
('magenta', 'panties')
('magenta', 'pants')
('magenta', 'pumps')
('magenta', 'purse')
('magenta', 'ring')
('magenta', 'romper')
('magenta', 'sandals')
('magenta', 'scarf')
('magenta', 'shirt')
('magenta', 'shoes')
('magenta', 'shorts')
('magenta', 'skirt')
('magenta', 'sneakers')
('magenta', 'socks')
('magenta', 'stockings')
('magenta', 'suit')
('magenta', 'sunglasses')
('magenta', 'sweater')
('magenta', 'sweatshirt')
('magenta', 'swimwear')
('magenta', 't-shirt')
('magenta', 'tie')
('magenta', 'tights')
('magenta', 'top')
('magenta', 'vest')
('magenta', 'wallet')
('magenta', 'watch')
('magenta', 'wedges')
('maroon', 'accessories')
('maroon', 'bag')
('maroon', 'belt')
('maroon', 'blazer')
('maroon', 'blouse')
('maroon', 'bodysuit')
('maroon', 'boots')
('maroon', 'bra')
('maroon', 'bracelet')
('maroon', 'cape')
('maroon', 'cardigan')
('maroon', 'clogs')
('maroon', 'coat')
('maroon', 'dress')
('maroon', 'earrings')
('maroon', 'flats')
('maroon', 'glasses')
('maroon', 'gloves')
('maroon', 'hat')
('maroon', 'heels')
('maroon', 'home-decor')
('maroon', 'hoodie')
('maroon', 'intimate')
('maroon', 'jacket')
('maroon', 'jeans')
('maroon', 'jumper')
('maroon', 'leggings')
('maroon', 'loafers')
('maroon', 'necklace')
('maroon', 'panties')
('maroon', 'pants')
('maroon', 'pumps')
('maroon', 'purse')
('maroon', 'ring')
('maroon', 'romper')
('maroon', 'sandals')
('maroon', 'scarf')
('maroon', 'shirt')
('maroon', 'shoes')
('maroon', 'shorts')
('maroon', 'skirt')
('maroon', 'sneakers')
('maroon', 'socks')
('maroon', 'stockings')
('maroon', 'suit')
('maroon', 'sunglasses')
('maroon', 'sweater')
('maroon', 'sweatshirt')
('maroon', 'swimwear')
('maroon', 't-shirt')
('maroon', 'tie')
('maroon', 'tights')
('maroon', 'top')
('maroon', 'vest')
('maroon', 'wallet')
('maroon', 'watch')
('maroon', 'wedges')
('mustard', 'accessories')
('mustard', 'bag')
('mustard', 'belt')
('mustard', 'blazer')
('mustard', 'blouse')
('mustard', 'bodysuit')
('mustard', 'boots')
('mustard', 'bra')
('mustard', 'bracelet')
('mustard', 'cape')
('mustard', 'cardigan')
('mustard', 'clogs')
('mustard', 'coat')
('mustard', 'dress')
('mustard', 'earrings')
('mustard', 'flats')
('mustard', 'glasses')
('mustard', 'gloves')
('mustard', 'hat')
('mustard', 'heels')
('mustard', 'home-decor')
('mustard', 'hoodie')
('mustard', 'intimate')
('mustard', 'jacket')
('mustard', 'jeans')
('mustard', 'jumper')
('mustard', 'leggings')
('mustard', 'loafers')
('mustard', 'necklace')
('mustard', 'panties')
('mustard', 'pants')
('mustard', 'pumps')
('mustard', 'purse')
('mustard', 'ring')
('mustard', 'romper')
('mustard', 'sandals')
('mustard', 'scarf')
('mustard', 'shirt')
('mustard', 'shoes')
('mustard', 'shorts')
('mustard', 'skirt')
('mustard', 'sneakers')
('mustard', 'socks')
('mustard', 'stockings')
('mustard', 'suit')
('mustard', 'sunglasses')
('mustard', 'sweater')
('mustard', 'sweatshirt')
('mustard', 'swimwear')
('mustard', 't-shirt')
('mustard', 'tie')
('mustard', 'tights')
('mustard', 'top')
('mustard', 'vest')
('mustard', 'wallet')
('mustard', 'watch')
('mustard', 'wedges')
('navy', 'accessories')
('navy', 'bag')
('navy', 'belt')
('navy', 'blazer')
('navy', 'blouse')
('navy', 'bodysuit')
('navy', 'boots')
('navy', 'bra')
('navy', 'bracelet')
('navy', 'cape')
('navy', 'cardigan')
('navy', 'clogs')
('navy', 'coat')
('navy', 'dress')
('navy', 'earrings')
('navy', 'flats')
('navy', 'glasses')
('navy', 'gloves')
('navy', 'hat')
('navy', 'heels')
('navy', 'home-decor')
('navy', 'hoodie')
('navy', 'intimate')
('navy', 'jacket')
('navy', 'jeans')
('navy', 'jumper')
('navy', 'leggings')
('navy', 'loafers')
('navy', 'necklace')
('navy', 'panties')
('navy', 'pants')
('navy', 'pumps')
('navy', 'purse')
('navy', 'ring')
('navy', 'romper')
('navy', 'sandals')
('navy', 'scarf')
('navy', 'shirt')
('navy', 'shoes')
('navy', 'shorts')
('navy', 'skirt')
('navy', 'sneakers')
('navy', 'socks')
('navy', 'stockings')
('navy', 'suit')
('navy', 'sunglasses')
('navy', 'sweater')
('navy', 'sweatshirt')
('navy', 'swimwear')
('navy', 't-shirt')
('navy', 'tie')
('navy', 'tights')
('navy', 'top')
('navy', 'vest')
('navy', 'wallet')
('navy', 'watch')
('navy', 'wedges')
('neutral', 'accessories')
('neutral', 'bag')
('neutral', 'belt')
('neutral', 'blazer')
('neutral', 'blouse')
('neutral', 'bodysuit')
('neutral', 'boots')
('neutral', 'bra')
('neutral', 'bracelet')
('neutral', 'cape')
('neutral', 'cardigan')
('neutral', 'clogs')
('neutral', 'coat')
('neutral', 'dress')
('neutral', 'earrings')
('neutral', 'flats')
('neutral', 'glasses')
('neutral', 'gloves')
('neutral', 'hat')
('neutral', 'heels')
('neutral', 'home-decor')
('neutral', 'hoodie')
('neutral', 'intimate')
('neutral', 'jacket')
('neutral', 'jeans')
('neutral', 'jumper')
('neutral', 'leggings')
('neutral', 'loafers')
('neutral', 'necklace')
('neutral', 'panties')
('neutral', 'pants')
('neutral', 'pumps')
('neutral', 'purse')
('neutral', 'ring')
('neutral', 'romper')
('neutral', 'sandals')
('neutral', 'scarf')
('neutral', 'shirt')
('neutral', 'shoes')
('neutral', 'shorts')
('neutral', 'skirt')
('neutral', 'sneakers')
('neutral', 'socks')
('neutral', 'stockings')
('neutral', 'suit')
('neutral', 'sunglasses')
('neutral', 'sweater')
('neutral', 'sweatshirt')
('neutral', 'swimwear')
('neutral', 't-shirt')
('neutral', 'tie')
('neutral', 'tights')
('neutral', 'top')
('neutral', 'vest')
('neutral', 'wallet')
('neutral', 'watch')
('neutral', 'wedges')
('nude', 'accessories')
('nude', 'bag')
('nude', 'belt')
('nude', 'blazer')
('nude', 'blouse')
('nude', 'bodysuit')
('nude', 'boots')
('nude', 'bra')
('nude', 'bracelet')
('nude', 'cape')
('nude', 'cardigan')
('nude', 'clogs')
('nude', 'coat')
('nude', 'dress')
('nude', 'earrings')
('nude', 'flats')
('nude', 'glasses')
('nude', 'gloves')
('nude', 'hat')
('nude', 'heels')
('nude', 'home-decor')
('nude', 'hoodie')
('nude', 'intimate')
('nude', 'jacket')
('nude', 'jeans')
('nude', 'jumper')
('nude', 'leggings')
('nude', 'loafers')
('nude', 'necklace')
('nude', 'panties')
('nude', 'pants')
('nude', 'pumps')
('nude', 'purse')
('nude', 'ring')
('nude', 'romper')
('nude', 'sandals')
('nude', 'scarf')
('nude', 'shirt')
('nude', 'shoes')
('nude', 'shorts')
('nude', 'skirt')
('nude', 'sneakers')
('nude', 'socks')
('nude', 'stockings')
('nude', 'suit')
('nude', 'sunglasses')
('nude', 'sweater')
('nude', 'sweatshirt')
('nude', 'swimwear')
('nude', 't-shirt')
('nude', 'tie')
('nude', 'tights')
('nude', 'top')
('nude', 'vest')
('nude', 'wallet')
('nude', 'watch')
('nude', 'wedges')
('off-white', 'accessories')
('off-white', 'bag')
('off-white', 'belt')
('off-white', 'blazer')
('off-white', 'blouse')
('off-white', 'bodysuit')
('off-white', 'boots')
('off-white', 'bra')
('off-white', 'bracelet')
('off-white', 'cape')
('off-white', 'cardigan')
('off-white', 'clogs')
('off-white', 'coat')
('off-white', 'dress')
('off-white', 'earrings')
('off-white', 'flats')
('off-white', 'glasses')
('off-white', 'gloves')
('off-white', 'hat')
('off-white', 'heels')
('off-white', 'home-decor')
('off-white', 'hoodie')
('off-white', 'intimate')
('off-white', 'jacket')
('off-white', 'jeans')
('off-white', 'jumper')
('off-white', 'leggings')
('off-white', 'loafers')
('off-white', 'necklace')
('off-white', 'panties')
('off-white', 'pants')
('off-white', 'pumps')
('off-white', 'purse')
('off-white', 'ring')
('off-white', 'romper')
('off-white', 'sandals')
('off-white', 'scarf')
('off-white', 'shirt')
('off-white', 'shoes')
('off-white', 'shorts')
('off-white', 'skirt')
('off-white', 'sneakers')
('off-white', 'socks')
('off-white', 'stockings')
('off-white', 'suit')
('off-white', 'sunglasses')
('off-white', 'sweater')
('off-white', 'sweatshirt')
('off-white', 'swimwear')
('off-white', 't-shirt')
('off-white', 'tie')
('off-white', 'tights')
('off-white', 'top')
('off-white', 'vest')
('off-white', 'wallet')
('off-white', 'watch')
('off-white', 'wedges')
('olive-green', 'accessories')
('olive-green', 'bag')
('olive-green', 'belt')
('olive-green', 'blazer')
('olive-green', 'blouse')
('olive-green', 'bodysuit')
('olive-green', 'boots')
('olive-green', 'bra')
('olive-green', 'bracelet')
('olive-green', 'cape')
('olive-green', 'cardigan')
('olive-green', 'clogs')
('olive-green', 'coat')
('olive-green', 'dress')
('olive-green', 'earrings')
('olive-green', 'flats')
('olive-green', 'glasses')
('olive-green', 'gloves')
('olive-green', 'hat')
('olive-green', 'heels')
('olive-green', 'home-decor')
('olive-green', 'hoodie')
('olive-green', 'intimate')
('olive-green', 'jacket')
('olive-green', 'jeans')
('olive-green', 'jumper')
('olive-green', 'leggings')
('olive-green', 'loafers')
('olive-green', 'necklace')
('olive-green', 'panties')
('olive-green', 'pants')
('olive-green', 'pumps')
('olive-green', 'purse')
('olive-green', 'ring')
('olive-green', 'romper')
('olive-green', 'sandals')
('olive-green', 'scarf')
('olive-green', 'shirt')
('olive-green', 'shoes')
('olive-green', 'shorts')
('olive-green', 'skirt')
('olive-green', 'sneakers')
('olive-green', 'socks')
('olive-green', 'stockings')
('olive-green', 'suit')
('olive-green', 'sunglasses')
('olive-green', 'sweater')
('olive-green', 'sweatshirt')
('olive-green', 'swimwear')
('olive-green', 't-shirt')
('olive-green', 'tie')
('olive-green', 'tights')
('olive-green', 'top')
('olive-green', 'vest')
('olive-green', 'wallet')
('olive-green', 'watch')
('olive-green', 'wedges')
('orange', 'accessories')
('orange', 'bag')
('orange', 'belt')
('orange', 'blazer')
('orange', 'blouse')
('orange', 'bodysuit')
('orange', 'boots')
('orange', 'bra')
('orange', 'bracelet')
('orange', 'cape')
('orange', 'cardigan')
('orange', 'clogs')
('orange', 'coat')
('orange', 'dress')
('orange', 'earrings')
('orange', 'flats')
('orange', 'glasses')
('orange', 'gloves')
('orange', 'hat')
('orange', 'heels')
('orange', 'home-decor')
('orange', 'hoodie')
('orange', 'intimate')
('orange', 'jacket')
('orange', 'jeans')
('orange', 'jumper')
('orange', 'leggings')
('orange', 'loafers')
('orange', 'necklace')
('orange', 'panties')
('orange', 'pants')
('orange', 'pumps')
('orange', 'purse')
('orange', 'ring')
('orange', 'romper')
('orange', 'sandals')
('orange', 'scarf')
('orange', 'shirt')
('orange', 'shoes')
('orange', 'shorts')
('orange', 'skirt')
('orange', 'sneakers')
('orange', 'socks')
('orange', 'stockings')
('orange', 'suit')
('orange', 'sunglasses')
('orange', 'sweater')
('orange', 'sweatshirt')
('orange', 'swimwear')
('orange', 't-shirt')
('orange', 'tie')
('orange', 'tights')
('orange', 'top')
('orange', 'vest')
('orange', 'wallet')
('orange', 'watch')
('orange', 'wedges')
('peach', 'accessories')
('peach', 'bag')
('peach', 'belt')
('peach', 'blazer')
('peach', 'blouse')
('peach', 'bodysuit')
('peach', 'boots')
('peach', 'bra')
('peach', 'bracelet')
('peach', 'cape')
('peach', 'cardigan')
('peach', 'clogs')
('peach', 'coat')
('peach', 'dress')
('peach', 'earrings')
('peach', 'flats')
('peach', 'glasses')
('peach', 'gloves')
('peach', 'hat')
('peach', 'heels')
('peach', 'home-decor')
('peach', 'hoodie')
('peach', 'intimate')
('peach', 'jacket')
('peach', 'jeans')
('peach', 'jumper')
('peach', 'leggings')
('peach', 'loafers')
('peach', 'necklace')
('peach', 'panties')
('peach', 'pants')
('peach', 'pumps')
('peach', 'purse')
('peach', 'ring')
('peach', 'romper')
('peach', 'sandals')
('peach', 'scarf')
('peach', 'shirt')
('peach', 'shoes')
('peach', 'shorts')
('peach', 'skirt')
('peach', 'sneakers')
('peach', 'socks')
('peach', 'stockings')
('peach', 'suit')
('peach', 'sunglasses')
('peach', 'sweater')
('peach', 'sweatshirt')
('peach', 'swimwear')
('peach', 't-shirt')
('peach', 'tie')
('peach', 'tights')
('peach', 'top')
('peach', 'vest')
('peach', 'wallet')
('peach', 'watch')
('peach', 'wedges')
('periwinkle', 'accessories')
('periwinkle', 'bag')
('periwinkle', 'belt')
('periwinkle', 'blazer')
('periwinkle', 'blouse')
('periwinkle', 'bodysuit')
('periwinkle', 'boots')
('periwinkle', 'bra')
('periwinkle', 'bracelet')
('periwinkle', 'cape')
('periwinkle', 'cardigan')
('periwinkle', 'clogs')
('periwinkle', 'coat')
('periwinkle', 'dress')
('periwinkle', 'earrings')
('periwinkle', 'flats')
('periwinkle', 'glasses')
('periwinkle', 'gloves')
('periwinkle', 'hat')
('periwinkle', 'heels')
('periwinkle', 'home-decor')
('periwinkle', 'hoodie')
('periwinkle', 'intimate')
('periwinkle', 'jacket')
('periwinkle', 'jeans')
('periwinkle', 'jumper')
('periwinkle', 'leggings')
('periwinkle', 'loafers')
('periwinkle', 'necklace')
('periwinkle', 'panties')
('periwinkle', 'pants')
('periwinkle', 'pumps')
('periwinkle', 'purse')
('periwinkle', 'ring')
('periwinkle', 'romper')
('periwinkle', 'sandals')
('periwinkle', 'scarf')
('periwinkle', 'shirt')
('periwinkle', 'shoes')
('periwinkle', 'shorts')
('periwinkle', 'skirt')
('periwinkle', 'sneakers')
('periwinkle', 'socks')
('periwinkle', 'stockings')
('periwinkle', 'suit')
('periwinkle', 'sunglasses')
('periwinkle', 'sweater')
('periwinkle', 'sweatshirt')
('periwinkle', 'swimwear')
('periwinkle', 't-shirt')
('periwinkle', 'tie')
('periwinkle', 'tights')
('periwinkle', 'top')
('periwinkle', 'vest')
('periwinkle', 'wallet')
('periwinkle', 'watch')
('periwinkle', 'wedges')
('pink', 'accessories')
('pink', 'bag')
('pink', 'belt')
('pink', 'blazer')
('pink', 'blouse')
('pink', 'bodysuit')
('pink', 'boots')
('pink', 'bra')
('pink', 'bracelet')
('pink', 'cape')
('pink', 'cardigan')
('pink', 'clogs')
('pink', 'coat')
('pink', 'dress')
('pink', 'earrings')
('pink', 'flats')
('pink', 'glasses')
('pink', 'gloves')
('pink', 'hat')
('pink', 'heels')
('pink', 'home-decor')
('pink', 'hoodie')
('pink', 'intimate')
('pink', 'jacket')
('pink', 'jeans')
('pink', 'jumper')
('pink', 'leggings')
('pink', 'loafers')
('pink', 'necklace')
('pink', 'panties')
('pink', 'pants')
('pink', 'pumps')
('pink', 'purse')
('pink', 'ring')
('pink', 'romper')
('pink', 'sandals')
('pink', 'scarf')
('pink', 'shirt')
('pink', 'shoes')
('pink', 'shorts')
('pink', 'skirt')
('pink', 'sneakers')
('pink', 'socks')
('pink', 'stockings')
('pink', 'suit')
('pink', 'sunglasses')
('pink', 'sweater')
('pink', 'sweatshirt')
('pink', 'swimwear')
('pink', 't-shirt')
('pink', 'tie')
('pink', 'tights')
('pink', 'top')
('pink', 'vest')
('pink', 'wallet')
('pink', 'watch')
('pink', 'wedges')
('puce', 'accessories')
('puce', 'bag')
('puce', 'belt')
('puce', 'blazer')
('puce', 'blouse')
('puce', 'bodysuit')
('puce', 'boots')
('puce', 'bra')
('puce', 'bracelet')
('puce', 'cape')
('puce', 'cardigan')
('puce', 'clogs')
('puce', 'coat')
('puce', 'dress')
('puce', 'earrings')
('puce', 'flats')
('puce', 'glasses')
('puce', 'gloves')
('puce', 'hat')
('puce', 'heels')
('puce', 'home-decor')
('puce', 'hoodie')
('puce', 'intimate')
('puce', 'jacket')
('puce', 'jeans')
('puce', 'jumper')
('puce', 'leggings')
('puce', 'loafers')
('puce', 'necklace')
('puce', 'panties')
('puce', 'pants')
('puce', 'pumps')
('puce', 'purse')
('puce', 'ring')
('puce', 'romper')
('puce', 'sandals')
('puce', 'scarf')
('puce', 'shirt')
('puce', 'shoes')
('puce', 'shorts')
('puce', 'skirt')
('puce', 'sneakers')
('puce', 'socks')
('puce', 'stockings')
('puce', 'suit')
('puce', 'sunglasses')
('puce', 'sweater')
('puce', 'sweatshirt')
('puce', 'swimwear')
('puce', 't-shirt')
('puce', 'tie')
('puce', 'tights')
('puce', 'top')
('puce', 'vest')
('puce', 'wallet')
('puce', 'watch')
('puce', 'wedges')
('purple', 'accessories')
('purple', 'bag')
('purple', 'belt')
('purple', 'blazer')
('purple', 'blouse')
('purple', 'bodysuit')
('purple', 'boots')
('purple', 'bra')
('purple', 'bracelet')
('purple', 'cape')
('purple', 'cardigan')
('purple', 'clogs')
('purple', 'coat')
('purple', 'dress')
('purple', 'earrings')
('purple', 'flats')
('purple', 'glasses')
('purple', 'gloves')
('purple', 'hat')
('purple', 'heels')
('purple', 'home-decor')
('purple', 'hoodie')
('purple', 'intimate')
('purple', 'jacket')
('purple', 'jeans')
('purple', 'jumper')
('purple', 'leggings')
('purple', 'loafers')
('purple', 'necklace')
('purple', 'panties')
('purple', 'pants')
('purple', 'pumps')
('purple', 'purse')
('purple', 'ring')
('purple', 'romper')
('purple', 'sandals')
('purple', 'scarf')
('purple', 'shirt')
('purple', 'shoes')
('purple', 'shorts')
('purple', 'skirt')
('purple', 'sneakers')
('purple', 'socks')
('purple', 'stockings')
('purple', 'suit')
('purple', 'sunglasses')
('purple', 'sweater')
('purple', 'sweatshirt')
('purple', 'swimwear')
('purple', 't-shirt')
('purple', 'tie')
('purple', 'tights')
('purple', 'top')
('purple', 'vest')
('purple', 'wallet')
('purple', 'watch')
('purple', 'wedges')
('red', 'accessories')
('red', 'bag')
('red', 'belt')
('red', 'blazer')
('red', 'blouse')
('red', 'bodysuit')
('red', 'boots')
('red', 'bra')
('red', 'bracelet')
('red', 'cape')
('red', 'cardigan')
('red', 'clogs')
('red', 'coat')
('red', 'dress')
('red', 'earrings')
('red', 'flats')
('red', 'glasses')
('red', 'gloves')
('red', 'hat')
('red', 'heels')
('red', 'home-decor')
('red', 'hoodie')
('red', 'intimate')
('red', 'jacket')
('red', 'jeans')
('red', 'jumper')
('red', 'leggings')
('red', 'loafers')
('red', 'necklace')
('red', 'panties')
('red', 'pants')
('red', 'pumps')
('red', 'purse')
('red', 'ring')
('red', 'romper')
('red', 'sandals')
('red', 'scarf')
('red', 'shirt')
('red', 'shoes')
('red', 'shorts')
('red', 'skirt')
('red', 'sneakers')
('red', 'socks')
('red', 'stockings')
('red', 'suit')
('red', 'sunglasses')
('red', 'sweater')
('red', 'sweatshirt')
('red', 'swimwear')
('red', 't-shirt')
('red', 'tie')
('red', 'tights')
('red', 'top')
('red', 'vest')
('red', 'wallet')
('red', 'watch')
('red', 'wedges')
('ruby-red', 'accessories')
('ruby-red', 'bag')
('ruby-red', 'belt')
('ruby-red', 'blazer')
('ruby-red', 'blouse')
('ruby-red', 'bodysuit')
('ruby-red', 'boots')
('ruby-red', 'bra')
('ruby-red', 'bracelet')
('ruby-red', 'cape')
('ruby-red', 'cardigan')
('ruby-red', 'clogs')
('ruby-red', 'coat')
('ruby-red', 'dress')
('ruby-red', 'earrings')
('ruby-red', 'flats')
('ruby-red', 'glasses')
('ruby-red', 'gloves')
('ruby-red', 'hat')
('ruby-red', 'heels')
('ruby-red', 'home-decor')
('ruby-red', 'hoodie')
('ruby-red', 'intimate')
('ruby-red', 'jacket')
('ruby-red', 'jeans')
('ruby-red', 'jumper')
('ruby-red', 'leggings')
('ruby-red', 'loafers')
('ruby-red', 'necklace')
('ruby-red', 'panties')
('ruby-red', 'pants')
('ruby-red', 'pumps')
('ruby-red', 'purse')
('ruby-red', 'ring')
('ruby-red', 'romper')
('ruby-red', 'sandals')
('ruby-red', 'scarf')
('ruby-red', 'shirt')
('ruby-red', 'shoes')
('ruby-red', 'shorts')
('ruby-red', 'skirt')
('ruby-red', 'sneakers')
('ruby-red', 'socks')
('ruby-red', 'stockings')
('ruby-red', 'suit')
('ruby-red', 'sunglasses')
('ruby-red', 'sweater')
('ruby-red', 'sweatshirt')
('ruby-red', 'swimwear')
('ruby-red', 't-shirt')
('ruby-red', 'tie')
('ruby-red', 'tights')
('ruby-red', 'top')
('ruby-red', 'vest')
('ruby-red', 'wallet')
('ruby-red', 'watch')
('ruby-red', 'wedges')
('salmon', 'accessories')
('salmon', 'bag')
('salmon', 'belt')
('salmon', 'blazer')
('salmon', 'blouse')
('salmon', 'bodysuit')
('salmon', 'boots')
('salmon', 'bra')
('salmon', 'bracelet')
('salmon', 'cape')
('salmon', 'cardigan')
('salmon', 'clogs')
('salmon', 'coat')
('salmon', 'dress')
('salmon', 'earrings')
('salmon', 'flats')
('salmon', 'glasses')
('salmon', 'gloves')
('salmon', 'hat')
('salmon', 'heels')
('salmon', 'home-decor')
('salmon', 'hoodie')
('salmon', 'intimate')
('salmon', 'jacket')
('salmon', 'jeans')
('salmon', 'jumper')
('salmon', 'leggings')
('salmon', 'loafers')
('salmon', 'necklace')
('salmon', 'panties')
('salmon', 'pants')
('salmon', 'pumps')
('salmon', 'purse')
('salmon', 'ring')
('salmon', 'romper')
('salmon', 'sandals')
('salmon', 'scarf')
('salmon', 'shirt')
('salmon', 'shoes')
('salmon', 'shorts')
('salmon', 'skirt')
('salmon', 'sneakers')
('salmon', 'socks')
('salmon', 'stockings')
('salmon', 'suit')
('salmon', 'sunglasses')
('salmon', 'sweater')
('salmon', 'sweatshirt')
('salmon', 'swimwear')
('salmon', 't-shirt')
('salmon', 'tie')
('salmon', 'tights')
('salmon', 'top')
('salmon', 'vest')
('salmon', 'wallet')
('salmon', 'watch')
('salmon', 'wedges')
('silver', 'accessories')
('silver', 'bag')
('silver', 'belt')
('silver', 'blazer')
('silver', 'blouse')
('silver', 'bodysuit')
('silver', 'boots')
('silver', 'bra')
('silver', 'bracelet')
('silver', 'cape')
('silver', 'cardigan')
('silver', 'clogs')
('silver', 'coat')
('silver', 'dress')
('silver', 'earrings')
('silver', 'flats')
('silver', 'glasses')
('silver', 'gloves')
('silver', 'hat')
('silver', 'heels')
('silver', 'home-decor')
('silver', 'hoodie')
('silver', 'intimate')
('silver', 'jacket')
('silver', 'jeans')
('silver', 'jumper')
('silver', 'leggings')
('silver', 'loafers')
('silver', 'necklace')
('silver', 'panties')
('silver', 'pants')
('silver', 'pumps')
('silver', 'purse')
('silver', 'ring')
('silver', 'romper')
('silver', 'sandals')
('silver', 'scarf')
('silver', 'shirt')
('silver', 'shoes')
('silver', 'shorts')
('silver', 'skirt')
('silver', 'sneakers')
('silver', 'socks')
('silver', 'stockings')
('silver', 'suit')
('silver', 'sunglasses')
('silver', 'sweater')
('silver', 'sweatshirt')
('silver', 'swimwear')
('silver', 't-shirt')
('silver', 'tie')
('silver', 'tights')
('silver', 'top')
('silver', 'vest')
('silver', 'wallet')
('silver', 'watch')
('silver', 'wedges')
('sky-blue', 'accessories')
('sky-blue', 'bag')
('sky-blue', 'belt')
('sky-blue', 'blazer')
('sky-blue', 'blouse')
('sky-blue', 'bodysuit')
('sky-blue', 'boots')
('sky-blue', 'bra')
('sky-blue', 'bracelet')
('sky-blue', 'cape')
('sky-blue', 'cardigan')
('sky-blue', 'clogs')
('sky-blue', 'coat')
('sky-blue', 'dress')
('sky-blue', 'earrings')
('sky-blue', 'flats')
('sky-blue', 'glasses')
('sky-blue', 'gloves')
('sky-blue', 'hat')
('sky-blue', 'heels')
('sky-blue', 'home-decor')
('sky-blue', 'hoodie')
('sky-blue', 'intimate')
('sky-blue', 'jacket')
('sky-blue', 'jeans')
('sky-blue', 'jumper')
('sky-blue', 'leggings')
('sky-blue', 'loafers')
('sky-blue', 'necklace')
('sky-blue', 'panties')
('sky-blue', 'pants')
('sky-blue', 'pumps')
('sky-blue', 'purse')
('sky-blue', 'ring')
('sky-blue', 'romper')
('sky-blue', 'sandals')
('sky-blue', 'scarf')
('sky-blue', 'shirt')
('sky-blue', 'shoes')
('sky-blue', 'shorts')
('sky-blue', 'skirt')
('sky-blue', 'sneakers')
('sky-blue', 'socks')
('sky-blue', 'stockings')
('sky-blue', 'suit')
('sky-blue', 'sunglasses')
('sky-blue', 'sweater')
('sky-blue', 'sweatshirt')
('sky-blue', 'swimwear')
('sky-blue', 't-shirt')
('sky-blue', 'tie')
('sky-blue', 'tights')
('sky-blue', 'top')
('sky-blue', 'vest')
('sky-blue', 'wallet')
('sky-blue', 'watch')
('sky-blue', 'wedges')
('tan', 'accessories')
('tan', 'bag')
('tan', 'belt')
('tan', 'blazer')
('tan', 'blouse')
('tan', 'bodysuit')
('tan', 'boots')
('tan', 'bra')
('tan', 'bracelet')
('tan', 'cape')
('tan', 'cardigan')
('tan', 'clogs')
('tan', 'coat')
('tan', 'dress')
('tan', 'earrings')
('tan', 'flats')
('tan', 'glasses')
('tan', 'gloves')
('tan', 'hat')
('tan', 'heels')
('tan', 'home-decor')
('tan', 'hoodie')
('tan', 'intimate')
('tan', 'jacket')
('tan', 'jeans')
('tan', 'jumper')
('tan', 'leggings')
('tan', 'loafers')
('tan', 'necklace')
('tan', 'panties')
('tan', 'pants')
('tan', 'pumps')
('tan', 'purse')
('tan', 'ring')
('tan', 'romper')
('tan', 'sandals')
('tan', 'scarf')
('tan', 'shirt')
('tan', 'shoes')
('tan', 'shorts')
('tan', 'skirt')
('tan', 'sneakers')
('tan', 'socks')
('tan', 'stockings')
('tan', 'suit')
('tan', 'sunglasses')
('tan', 'sweater')
('tan', 'sweatshirt')
('tan', 'swimwear')
('tan', 't-shirt')
('tan', 'tie')
('tan', 'tights')
('tan', 'top')
('tan', 'vest')
('tan', 'wallet')
('tan', 'watch')
('tan', 'wedges')
('tawny', 'accessories')
('tawny', 'bag')
('tawny', 'belt')
('tawny', 'blazer')
('tawny', 'blouse')
('tawny', 'bodysuit')
('tawny', 'boots')
('tawny', 'bra')
('tawny', 'bracelet')
('tawny', 'cape')
('tawny', 'cardigan')
('tawny', 'clogs')
('tawny', 'coat')
('tawny', 'dress')
('tawny', 'earrings')
('tawny', 'flats')
('tawny', 'glasses')
('tawny', 'gloves')
('tawny', 'hat')
('tawny', 'heels')
('tawny', 'home-decor')
('tawny', 'hoodie')
('tawny', 'intimate')
('tawny', 'jacket')
('tawny', 'jeans')
('tawny', 'jumper')
('tawny', 'leggings')
('tawny', 'loafers')
('tawny', 'necklace')
('tawny', 'panties')
('tawny', 'pants')
('tawny', 'pumps')
('tawny', 'purse')
('tawny', 'ring')
('tawny', 'romper')
('tawny', 'sandals')
('tawny', 'scarf')
('tawny', 'shirt')
('tawny', 'shoes')
('tawny', 'shorts')
('tawny', 'skirt')
('tawny', 'sneakers')
('tawny', 'socks')
('tawny', 'stockings')
('tawny', 'suit')
('tawny', 'sunglasses')
('tawny', 'sweater')
('tawny', 'sweatshirt')
('tawny', 'swimwear')
('tawny', 't-shirt')
('tawny', 'tie')
('tawny', 'tights')
('tawny', 'top')
('tawny', 'vest')
('tawny', 'wallet')
('tawny', 'watch')
('tawny', 'wedges')
('teal', 'accessories')
('teal', 'bag')
('teal', 'belt')
('teal', 'blazer')
('teal', 'blouse')
('teal', 'bodysuit')
('teal', 'boots')
('teal', 'bra')
('teal', 'bracelet')
('teal', 'cape')
('teal', 'cardigan')
('teal', 'clogs')
('teal', 'coat')
('teal', 'dress')
('teal', 'earrings')
('teal', 'flats')
('teal', 'glasses')
('teal', 'gloves')
('teal', 'hat')
('teal', 'heels')
('teal', 'home-decor')
('teal', 'hoodie')
('teal', 'intimate')
('teal', 'jacket')
('teal', 'jeans')
('teal', 'jumper')
('teal', 'leggings')
('teal', 'loafers')
('teal', 'necklace')
('teal', 'panties')
('teal', 'pants')
('teal', 'pumps')
('teal', 'purse')
('teal', 'ring')
('teal', 'romper')
('teal', 'sandals')
('teal', 'scarf')
('teal', 'shirt')
('teal', 'shoes')
('teal', 'shorts')
('teal', 'skirt')
('teal', 'sneakers')
('teal', 'socks')
('teal', 'stockings')
('teal', 'suit')
('teal', 'sunglasses')
('teal', 'sweater')
('teal', 'sweatshirt')
('teal', 'swimwear')
('teal', 't-shirt')
('teal', 'tie')
('teal', 'tights')
('teal', 'top')
('teal', 'vest')
('teal', 'wallet')
('teal', 'watch')
('teal', 'wedges')
('turquoise-blue', 'accessories')
('turquoise-blue', 'bag')
('turquoise-blue', 'belt')
('turquoise-blue', 'blazer')
('turquoise-blue', 'blouse')
('turquoise-blue', 'bodysuit')
('turquoise-blue', 'boots')
('turquoise-blue', 'bra')
('turquoise-blue', 'bracelet')
('turquoise-blue', 'cape')
('turquoise-blue', 'cardigan')
('turquoise-blue', 'clogs')
('turquoise-blue', 'coat')
('turquoise-blue', 'dress')
('turquoise-blue', 'earrings')
('turquoise-blue', 'flats')
('turquoise-blue', 'glasses')
('turquoise-blue', 'gloves')
('turquoise-blue', 'hat')
('turquoise-blue', 'heels')
('turquoise-blue', 'home-decor')
('turquoise-blue', 'hoodie')
('turquoise-blue', 'intimate')
('turquoise-blue', 'jacket')
('turquoise-blue', 'jeans')
('turquoise-blue', 'jumper')
('turquoise-blue', 'leggings')
('turquoise-blue', 'loafers')
('turquoise-blue', 'necklace')
('turquoise-blue', 'panties')
('turquoise-blue', 'pants')
('turquoise-blue', 'pumps')
('turquoise-blue', 'purse')
('turquoise-blue', 'ring')
('turquoise-blue', 'romper')
('turquoise-blue', 'sandals')
('turquoise-blue', 'scarf')
('turquoise-blue', 'shirt')
('turquoise-blue', 'shoes')
('turquoise-blue', 'shorts')
('turquoise-blue', 'skirt')
('turquoise-blue', 'sneakers')
('turquoise-blue', 'socks')
('turquoise-blue', 'stockings')
('turquoise-blue', 'suit')
('turquoise-blue', 'sunglasses')
('turquoise-blue', 'sweater')
('turquoise-blue', 'sweatshirt')
('turquoise-blue', 'swimwear')
('turquoise-blue', 't-shirt')
('turquoise-blue', 'tie')
('turquoise-blue', 'tights')
('turquoise-blue', 'top')
('turquoise-blue', 'vest')
('turquoise-blue', 'wallet')
('turquoise-blue', 'watch')
('turquoise-blue', 'wedges')
('violet', 'accessories')
('violet', 'bag')
('violet', 'belt')
('violet', 'blazer')
('violet', 'blouse')
('violet', 'bodysuit')
('violet', 'boots')
('violet', 'bra')
('violet', 'bracelet')
('violet', 'cape')
('violet', 'cardigan')
('violet', 'clogs')
('violet', 'coat')
('violet', 'dress')
('violet', 'earrings')
('violet', 'flats')
('violet', 'glasses')
('violet', 'gloves')
('violet', 'hat')
('violet', 'heels')
('violet', 'home-decor')
('violet', 'hoodie')
('violet', 'intimate')
('violet', 'jacket')
('violet', 'jeans')
('violet', 'jumper')
('violet', 'leggings')
('violet', 'loafers')
('violet', 'necklace')
('violet', 'panties')
('violet', 'pants')
('violet', 'pumps')
('violet', 'purse')
('violet', 'ring')
('violet', 'romper')
('violet', 'sandals')
('violet', 'scarf')
('violet', 'shirt')
('violet', 'shoes')
('violet', 'shorts')
('violet', 'skirt')
('violet', 'sneakers')
('violet', 'socks')
('violet', 'stockings')
('violet', 'suit')
('violet', 'sunglasses')
('violet', 'sweater')
('violet', 'sweatshirt')
('violet', 'swimwear')
('violet', 't-shirt')
('violet', 'tie')
('violet', 'tights')
('violet', 'top')
('violet', 'vest')
('violet', 'wallet')
('violet', 'watch')
('violet', 'wedges')
('white', 'accessories')
('white', 'bag')
('white', 'belt')
('white', 'blazer')
('white', 'blouse')
('white', 'bodysuit')
('white', 'boots')
('white', 'bra')
('white', 'bracelet')
('white', 'cape')
('white', 'cardigan')
('white', 'clogs')
('white', 'coat')
('white', 'dress')
('white', 'earrings')
('white', 'flats')
('white', 'glasses')
('white', 'gloves')
('white', 'hat')
('white', 'heels')
('white', 'home-decor')
('white', 'hoodie')
('white', 'intimate')
('white', 'jacket')
('white', 'jeans')
('white', 'jumper')
('white', 'leggings')
('white', 'loafers')
('white', 'necklace')
('white', 'panties')
('white', 'pants')
('white', 'pumps')
('white', 'purse')
('white', 'ring')
('white', 'romper')
('white', 'sandals')
('white', 'scarf')
('white', 'shirt')
('white', 'shoes')
('white', 'shorts')
('white', 'skirt')
('white', 'sneakers')
('white', 'socks')
('white', 'stockings')
('white', 'suit')
('white', 'sunglasses')
('white', 'sweater')
('white', 'sweatshirt')
('white', 'swimwear')
('white', 't-shirt')
('white', 'tie')
('white', 'tights')
('white', 'top')
('white', 'vest')
('white', 'wallet')
('white', 'watch')
('white', 'wedges')
('yellow', 'accessories')
('yellow', 'bag')
('yellow', 'belt')
('yellow', 'blazer')
('yellow', 'blouse')
('yellow', 'bodysuit')
('yellow', 'boots')
('yellow', 'bra')
('yellow', 'bracelet')
('yellow', 'cape')
('yellow', 'cardigan')
('yellow', 'clogs')
('yellow', 'coat')
('yellow', 'dress')
('yellow', 'earrings')
('yellow', 'flats')
('yellow', 'glasses')
('yellow', 'gloves')
('yellow', 'hat')
('yellow', 'heels')
('yellow', 'home-decor')
('yellow', 'hoodie')
('yellow', 'intimate')
('yellow', 'jacket')
('yellow', 'jeans')
('yellow', 'jumper')
('yellow', 'leggings')
('yellow', 'loafers')
('yellow', 'necklace')
('yellow', 'panties')
('yellow', 'pants')
('yellow', 'pumps')
('yellow', 'purse')
('yellow', 'ring')
('yellow', 'romper')
('yellow', 'sandals')
('yellow', 'scarf')
('yellow', 'shirt')
('yellow', 'shoes')
('yellow', 'shorts')
('yellow', 'skirt')
('yellow', 'sneakers')
('yellow', 'socks')
('yellow', 'stockings')
('yellow', 'suit')
('yellow', 'sunglasses')
('yellow', 'sweater')
('yellow', 'sweatshirt')
('yellow', 'swimwear')
('yellow', 't-shirt')
('yellow', 'tie')
('yellow', 'tights')
('yellow', 'top')
('yellow', 'vest')
('yellow', 'wallet')
('yellow', 'watch')
('yellow', 'wedges')
('.', '.')
